2025-10-04 11:30:34,401 - INFO - MediaMTX Configuration Updater started
2025-10-04 11:30:34,401 - INFO - Using username: admin
2025-10-04 11:30:34,403 - INFO - ✓ Successfully connected to MediaMTX API
2025-10-04 11:30:34,403 - INFO - === Update iteration 1 ===
2025-10-04 11:30:34,403 - INFO - Attempting to connect to http://localhost:9997/v3/config/paths/list
2025-10-04 11:30:34,405 - INFO - Response status code: 200
2025-10-04 11:30:34,405 - INFO - Successfully parsed JSON response
2025-10-04 11:30:34,405 - INFO - === DEBUG: Response Structure ===
2025-10-04 11:30:34,405 - INFO - Type of config_data: <class 'dict'>
2025-10-04 11:30:34,405 - INFO - Keys in config_data: ['itemCount', 'pageCount', 'items']
2025-10-04 11:30:34,405 - INFO - 'items' key found with 3 items
2025-10-04 11:30:34,405 - INFO - First item in 'items': {'name': 'all_others', 'source': 'publisher', 'sourceFingerprint': '', 'sourceOnDemand': False, 'sourceOnDemandStartTimeout': '10s', 'sourceOnDemandCloseAfter': '10s', 'maxReaders': 0, 'srtReadPassphrase': '', 'fallback': '', 'useAbsoluteTimestamp': False, 'record': False, 'recordPath': '/recordings/%path/%Y-%m-%d_%H-%M-%S-%f', 'recordFormat': 'fmp4', 'recordPartDuration': '1s', 'recordMaxPartSize': '50M', 'recordSegmentDuration': '1h0m0s', 'recordDeleteAfter': '1d', 'overridePublisher': True, 'srtPublishPassphrase': '', 'rtspTransport': 'automatic', 'rtspAnyPort': False, 'rtspRangeType': '', 'rtspRangeStart': '', 'rtspUDPReadBufferSize': 0, 'mpegtsUDPReadBufferSize': 0, 'rtpSDP': '', 'rtpUDPReadBufferSize': 0, 'sourceRedirect': '', 'rpiCameraCamID': 0, 'rpiCameraSecondary': False, 'rpiCameraWidth': 1920, 'rpiCameraHeight': 1080, 'rpiCameraHFlip': False, 'rpiCameraVFlip': False, 'rpiCameraBrightness': 0, 'rpiCameraContrast': 1, 'rpiCameraSaturation': 1, 'rpiCameraSharpness': 1, 'rpiCameraExposure': 'normal', 'rpiCameraAWB': 'auto', 'rpiCameraAWBGains': [0, 0], 'rpiCameraDenoise': 'off', 'rpiCameraShutter': 0, 'rpiCameraMetering': 'centre', 'rpiCameraGain': 0, 'rpiCameraEV': 0, 'rpiCameraROI': '', 'rpiCameraHDR': False, 'rpiCameraTuningFile': '', 'rpiCameraMode': '', 'rpiCameraFPS': 30, 'rpiCameraAfMode': 'continuous', 'rpiCameraAfRange': 'normal', 'rpiCameraAfSpeed': 'normal', 'rpiCameraLensPosition': 0, 'rpiCameraAfWindow': '', 'rpiCameraFlickerPeriod': 0, 'rpiCameraTextOverlayEnable': False, 'rpiCameraTextOverlay': '%Y-%m-%d %H:%M:%S - MediaMTX', 'rpiCameraCodec': 'auto', 'rpiCameraIDRPeriod': 60, 'rpiCameraBitrate': 5000000, 'rpiCameraHardwareH264Profile': 'main', 'rpiCameraHardwareH264Level': '4.1', 'rpiCameraSoftwareH264Profile': 'baseline', 'rpiCameraSoftwareH264Level': '4.1', 'rpiCameraMJPEGQuality': 60, 'runOnInit': '', 'runOnInitRestart': False, 'runOnDemand': '', 'runOnDemandRestart': False, 'runOnDemandStartTimeout': '10s', 'runOnDemandCloseAfter': '10s', 'runOnUnDemand': '', 'runOnReady': '', 'runOnReadyRestart': False, 'runOnNotReady': '', 'runOnRead': '', 'runOnReadRestart': False, 'runOnUnread': '', 'runOnRecordSegmentCreate': '', 'runOnRecordSegmentComplete': ''}
2025-10-04 11:30:34,405 - INFO - === END DEBUG ===
2025-10-04 11:30:34,405 - INFO - Found paths in 'items' key
2025-10-04 11:30:34,405 - INFO - Converted 3 paths from items
2025-10-04 11:30:34,405 - INFO - Extracted 3 paths:
2025-10-04 11:30:34,406 - INFO -   - all_others: publisher
2025-10-04 11:30:34,406 - INFO -   - cam1: rtsp://admin:N0vin-123PNR@192.168.50.27
2025-10-04 11:30:34,406 - INFO -   - camera1: rtsp://admin:N0vin-123PNR@192.168.50.26
2025-10-04 11:30:34,406 - INFO - Processing 3 paths
2025-10-04 11:30:34,406 - INFO - Successfully read config file: ./mediamtx.yml
2025-10-04 11:30:34,406 - INFO - Found 'paths:' at line 115
2025-10-04 11:30:34,406 - INFO - Found 'all_others:' at line 116
2025-10-04 11:30:34,406 - INFO - Added path: cam1 -> rtsp://admin:N0vin-123PNR@192.168.50.27
2025-10-04 11:30:34,406 - INFO - Added path: camera1 -> rtsp://admin:N0vin-123PNR@192.168.50.26
2025-10-04 11:30:34,406 - INFO - Successfully updated config file with 2 paths
2025-10-04 11:30:34,406 - INFO - Update completed successfully
2025-10-04 11:30:34,406 - INFO - Waiting 60 seconds until next update...
2025-10-04 11:31:34,407 - INFO - === Update iteration 2 ===
2025-10-04 11:31:34,407 - INFO - Attempting to connect to http://localhost:9997/v3/config/paths/list
2025-10-04 11:31:34,408 - INFO - Response status code: 200
2025-10-04 11:31:34,409 - INFO - Successfully parsed JSON response
2025-10-04 11:31:34,409 - INFO - === DEBUG: Response Structure ===
2025-10-04 11:31:34,409 - INFO - Type of config_data: <class 'dict'>
2025-10-04 11:31:34,409 - INFO - Keys in config_data: ['itemCount', 'pageCount', 'items']
2025-10-04 11:31:34,409 - INFO - 'items' key found with 3 items
2025-10-04 11:31:34,409 - INFO - First item in 'items': {'name': 'all_others', 'source': 'publisher', 'sourceFingerprint': '', 'sourceOnDemand': False, 'sourceOnDemandStartTimeout': '10s', 'sourceOnDemandCloseAfter': '10s', 'maxReaders': 0, 'srtReadPassphrase': '', 'fallback': '', 'useAbsoluteTimestamp': False, 'record': False, 'recordPath': '/recordings/%path/%Y-%m-%d_%H-%M-%S-%f', 'recordFormat': 'fmp4', 'recordPartDuration': '1s', 'recordMaxPartSize': '50M', 'recordSegmentDuration': '1h0m0s', 'recordDeleteAfter': '1d', 'overridePublisher': True, 'srtPublishPassphrase': '', 'rtspTransport': 'automatic', 'rtspAnyPort': False, 'rtspRangeType': '', 'rtspRangeStart': '', 'rtspUDPReadBufferSize': 0, 'mpegtsUDPReadBufferSize': 0, 'rtpSDP': '', 'rtpUDPReadBufferSize': 0, 'sourceRedirect': '', 'rpiCameraCamID': 0, 'rpiCameraSecondary': False, 'rpiCameraWidth': 1920, 'rpiCameraHeight': 1080, 'rpiCameraHFlip': False, 'rpiCameraVFlip': False, 'rpiCameraBrightness': 0, 'rpiCameraContrast': 1, 'rpiCameraSaturation': 1, 'rpiCameraSharpness': 1, 'rpiCameraExposure': 'normal', 'rpiCameraAWB': 'auto', 'rpiCameraAWBGains': [0, 0], 'rpiCameraDenoise': 'off', 'rpiCameraShutter': 0, 'rpiCameraMetering': 'centre', 'rpiCameraGain': 0, 'rpiCameraEV': 0, 'rpiCameraROI': '', 'rpiCameraHDR': False, 'rpiCameraTuningFile': '', 'rpiCameraMode': '', 'rpiCameraFPS': 30, 'rpiCameraAfMode': 'continuous', 'rpiCameraAfRange': 'normal', 'rpiCameraAfSpeed': 'normal', 'rpiCameraLensPosition': 0, 'rpiCameraAfWindow': '', 'rpiCameraFlickerPeriod': 0, 'rpiCameraTextOverlayEnable': False, 'rpiCameraTextOverlay': '%Y-%m-%d %H:%M:%S - MediaMTX', 'rpiCameraCodec': 'auto', 'rpiCameraIDRPeriod': 60, 'rpiCameraBitrate': 5000000, 'rpiCameraHardwareH264Profile': 'main', 'rpiCameraHardwareH264Level': '4.1', 'rpiCameraSoftwareH264Profile': 'baseline', 'rpiCameraSoftwareH264Level': '4.1', 'rpiCameraMJPEGQuality': 60, 'runOnInit': '', 'runOnInitRestart': False, 'runOnDemand': '', 'runOnDemandRestart': False, 'runOnDemandStartTimeout': '10s', 'runOnDemandCloseAfter': '10s', 'runOnUnDemand': '', 'runOnReady': '', 'runOnReadyRestart': False, 'runOnNotReady': '', 'runOnRead': '', 'runOnReadRestart': False, 'runOnUnread': '', 'runOnRecordSegmentCreate': '', 'runOnRecordSegmentComplete': ''}
2025-10-04 11:31:34,409 - INFO - === END DEBUG ===
2025-10-04 11:31:34,409 - INFO - Found paths in 'items' key
2025-10-04 11:31:34,409 - INFO - Converted 3 paths from items
2025-10-04 11:31:34,409 - INFO - Extracted 3 paths:
2025-10-04 11:31:34,409 - INFO -   - all_others: publisher
2025-10-04 11:31:34,409 - INFO -   - cam1: rtsp://admin:N0vin-123PNR@192.168.50.27
2025-10-04 11:31:34,409 - INFO -   - camera1: rtsp://admin:N0vin-123PNR@192.168.50.26
2025-10-04 11:31:34,409 - INFO - Processing 3 paths
2025-10-04 11:31:34,409 - INFO - Successfully read config file: ./mediamtx.yml
2025-10-04 11:31:34,409 - INFO - Found 'paths:' at line 115
2025-10-04 11:31:34,409 - INFO - Found 'all_others:' at line 120
2025-10-04 11:31:34,409 - INFO - Added path: cam1 -> rtsp://admin:N0vin-123PNR@192.168.50.27
2025-10-04 11:31:34,409 - INFO - Added path: camera1 -> rtsp://admin:N0vin-123PNR@192.168.50.26
2025-10-04 11:31:34,410 - INFO - Successfully updated config file with 2 paths
2025-10-04 11:31:34,410 - INFO - Update completed successfully
2025-10-04 11:31:34,410 - INFO - Waiting 60 seconds until next update...
2025-10-04 11:32:34,410 - INFO - === Update iteration 3 ===
2025-10-04 11:32:34,410 - INFO - Attempting to connect to http://localhost:9997/v3/config/paths/list
2025-10-04 11:32:34,412 - INFO - Response status code: 200
2025-10-04 11:32:34,412 - INFO - Successfully parsed JSON response
2025-10-04 11:32:34,412 - INFO - === DEBUG: Response Structure ===
2025-10-04 11:32:34,412 - INFO - Type of config_data: <class 'dict'>
2025-10-04 11:32:34,412 - INFO - Keys in config_data: ['itemCount', 'pageCount', 'items']
2025-10-04 11:32:34,412 - INFO - 'items' key found with 3 items
2025-10-04 11:32:34,412 - INFO - First item in 'items': {'name': 'all_others', 'source': 'publisher', 'sourceFingerprint': '', 'sourceOnDemand': False, 'sourceOnDemandStartTimeout': '10s', 'sourceOnDemandCloseAfter': '10s', 'maxReaders': 0, 'srtReadPassphrase': '', 'fallback': '', 'useAbsoluteTimestamp': False, 'record': False, 'recordPath': '/recordings/%path/%Y-%m-%d_%H-%M-%S-%f', 'recordFormat': 'fmp4', 'recordPartDuration': '1s', 'recordMaxPartSize': '50M', 'recordSegmentDuration': '1h0m0s', 'recordDeleteAfter': '1d', 'overridePublisher': True, 'srtPublishPassphrase': '', 'rtspTransport': 'automatic', 'rtspAnyPort': False, 'rtspRangeType': '', 'rtspRangeStart': '', 'rtspUDPReadBufferSize': 0, 'mpegtsUDPReadBufferSize': 0, 'rtpSDP': '', 'rtpUDPReadBufferSize': 0, 'sourceRedirect': '', 'rpiCameraCamID': 0, 'rpiCameraSecondary': False, 'rpiCameraWidth': 1920, 'rpiCameraHeight': 1080, 'rpiCameraHFlip': False, 'rpiCameraVFlip': False, 'rpiCameraBrightness': 0, 'rpiCameraContrast': 1, 'rpiCameraSaturation': 1, 'rpiCameraSharpness': 1, 'rpiCameraExposure': 'normal', 'rpiCameraAWB': 'auto', 'rpiCameraAWBGains': [0, 0], 'rpiCameraDenoise': 'off', 'rpiCameraShutter': 0, 'rpiCameraMetering': 'centre', 'rpiCameraGain': 0, 'rpiCameraEV': 0, 'rpiCameraROI': '', 'rpiCameraHDR': False, 'rpiCameraTuningFile': '', 'rpiCameraMode': '', 'rpiCameraFPS': 30, 'rpiCameraAfMode': 'continuous', 'rpiCameraAfRange': 'normal', 'rpiCameraAfSpeed': 'normal', 'rpiCameraLensPosition': 0, 'rpiCameraAfWindow': '', 'rpiCameraFlickerPeriod': 0, 'rpiCameraTextOverlayEnable': False, 'rpiCameraTextOverlay': '%Y-%m-%d %H:%M:%S - MediaMTX', 'rpiCameraCodec': 'auto', 'rpiCameraIDRPeriod': 60, 'rpiCameraBitrate': 5000000, 'rpiCameraHardwareH264Profile': 'main', 'rpiCameraHardwareH264Level': '4.1', 'rpiCameraSoftwareH264Profile': 'baseline', 'rpiCameraSoftwareH264Level': '4.1', 'rpiCameraMJPEGQuality': 60, 'runOnInit': '', 'runOnInitRestart': False, 'runOnDemand': '', 'runOnDemandRestart': False, 'runOnDemandStartTimeout': '10s', 'runOnDemandCloseAfter': '10s', 'runOnUnDemand': '', 'runOnReady': '', 'runOnReadyRestart': False, 'runOnNotReady': '', 'runOnRead': '', 'runOnReadRestart': False, 'runOnUnread': '', 'runOnRecordSegmentCreate': '', 'runOnRecordSegmentComplete': ''}
2025-10-04 11:32:34,412 - INFO - === END DEBUG ===
2025-10-04 11:32:34,412 - INFO - Found paths in 'items' key
2025-10-04 11:32:34,412 - INFO - Converted 3 paths from items
2025-10-04 11:32:34,412 - INFO - Extracted 3 paths:
2025-10-04 11:32:34,412 - INFO -   - all_others: publisher
2025-10-04 11:32:34,412 - INFO -   - cam1: rtsp://admin:N0vin-123PNR@192.168.50.27
2025-10-04 11:32:34,412 - INFO -   - camera1: rtsp://admin:N0vin-123PNR@192.168.50.26
2025-10-04 11:32:34,412 - INFO - Processing 3 paths
2025-10-04 11:32:34,413 - INFO - Successfully read config file: ./mediamtx.yml
2025-10-04 11:32:34,413 - INFO - Found 'paths:' at line 115
2025-10-04 11:32:34,413 - INFO - Found 'all_others:' at line 120
2025-10-04 11:32:34,413 - INFO - Added path: cam1 -> rtsp://admin:N0vin-123PNR@192.168.50.27
2025-10-04 11:32:34,413 - INFO - Added path: camera1 -> rtsp://admin:N0vin-123PNR@192.168.50.26
2025-10-04 11:32:34,413 - INFO - Successfully updated config file with 2 paths
2025-10-04 11:32:34,413 - INFO - Update completed successfully
2025-10-04 11:32:34,413 - INFO - Waiting 60 seconds until next update...
2025-10-04 11:33:34,413 - INFO - === Update iteration 4 ===
2025-10-04 11:33:34,413 - INFO - Attempting to connect to http://localhost:9997/v3/config/paths/list
2025-10-04 11:33:34,415 - INFO - Response status code: 200
2025-10-04 11:33:34,415 - INFO - Successfully parsed JSON response
2025-10-04 11:33:34,415 - INFO - === DEBUG: Response Structure ===
2025-10-04 11:33:34,415 - INFO - Type of config_data: <class 'dict'>
2025-10-04 11:33:34,415 - INFO - Keys in config_data: ['itemCount', 'pageCount', 'items']
2025-10-04 11:33:34,415 - INFO - 'items' key found with 3 items
2025-10-04 11:33:34,415 - INFO - First item in 'items': {'name': 'all_others', 'source': 'publisher', 'sourceFingerprint': '', 'sourceOnDemand': False, 'sourceOnDemandStartTimeout': '10s', 'sourceOnDemandCloseAfter': '10s', 'maxReaders': 0, 'srtReadPassphrase': '', 'fallback': '', 'useAbsoluteTimestamp': False, 'record': False, 'recordPath': '/recordings/%path/%Y-%m-%d_%H-%M-%S-%f', 'recordFormat': 'fmp4', 'recordPartDuration': '1s', 'recordMaxPartSize': '50M', 'recordSegmentDuration': '1h0m0s', 'recordDeleteAfter': '1d', 'overridePublisher': True, 'srtPublishPassphrase': '', 'rtspTransport': 'automatic', 'rtspAnyPort': False, 'rtspRangeType': '', 'rtspRangeStart': '', 'rtspUDPReadBufferSize': 0, 'mpegtsUDPReadBufferSize': 0, 'rtpSDP': '', 'rtpUDPReadBufferSize': 0, 'sourceRedirect': '', 'rpiCameraCamID': 0, 'rpiCameraSecondary': False, 'rpiCameraWidth': 1920, 'rpiCameraHeight': 1080, 'rpiCameraHFlip': False, 'rpiCameraVFlip': False, 'rpiCameraBrightness': 0, 'rpiCameraContrast': 1, 'rpiCameraSaturation': 1, 'rpiCameraSharpness': 1, 'rpiCameraExposure': 'normal', 'rpiCameraAWB': 'auto', 'rpiCameraAWBGains': [0, 0], 'rpiCameraDenoise': 'off', 'rpiCameraShutter': 0, 'rpiCameraMetering': 'centre', 'rpiCameraGain': 0, 'rpiCameraEV': 0, 'rpiCameraROI': '', 'rpiCameraHDR': False, 'rpiCameraTuningFile': '', 'rpiCameraMode': '', 'rpiCameraFPS': 30, 'rpiCameraAfMode': 'continuous', 'rpiCameraAfRange': 'normal', 'rpiCameraAfSpeed': 'normal', 'rpiCameraLensPosition': 0, 'rpiCameraAfWindow': '', 'rpiCameraFlickerPeriod': 0, 'rpiCameraTextOverlayEnable': False, 'rpiCameraTextOverlay': '%Y-%m-%d %H:%M:%S - MediaMTX', 'rpiCameraCodec': 'auto', 'rpiCameraIDRPeriod': 60, 'rpiCameraBitrate': 5000000, 'rpiCameraHardwareH264Profile': 'main', 'rpiCameraHardwareH264Level': '4.1', 'rpiCameraSoftwareH264Profile': 'baseline', 'rpiCameraSoftwareH264Level': '4.1', 'rpiCameraMJPEGQuality': 60, 'runOnInit': '', 'runOnInitRestart': False, 'runOnDemand': '', 'runOnDemandRestart': False, 'runOnDemandStartTimeout': '10s', 'runOnDemandCloseAfter': '10s', 'runOnUnDemand': '', 'runOnReady': '', 'runOnReadyRestart': False, 'runOnNotReady': '', 'runOnRead': '', 'runOnReadRestart': False, 'runOnUnread': '', 'runOnRecordSegmentCreate': '', 'runOnRecordSegmentComplete': ''}
2025-10-04 11:33:34,415 - INFO - === END DEBUG ===
2025-10-04 11:33:34,415 - INFO - Found paths in 'items' key
2025-10-04 11:33:34,415 - INFO - Converted 3 paths from items
2025-10-04 11:33:34,415 - INFO - Extracted 3 paths:
2025-10-04 11:33:34,415 - INFO -   - all_others: publisher
2025-10-04 11:33:34,415 - INFO -   - cam1: rtsp://admin:N0vin-123PNR@192.168.50.27
2025-10-04 11:33:34,415 - INFO -   - camera1: rtsp://admin:N0vin-123PNR@192.168.50.26
2025-10-04 11:33:34,416 - INFO - Processing 3 paths
2025-10-04 11:33:34,416 - INFO - Successfully read config file: ./mediamtx.yml
2025-10-04 11:33:34,416 - INFO - Found 'paths:' at line 115
2025-10-04 11:33:34,416 - INFO - Found 'all_others:' at line 120
2025-10-04 11:33:34,416 - INFO - Added path: cam1 -> rtsp://admin:N0vin-123PNR@192.168.50.27
2025-10-04 11:33:34,416 - INFO - Added path: camera1 -> rtsp://admin:N0vin-123PNR@192.168.50.26
2025-10-04 11:33:34,416 - INFO - Successfully updated config file with 2 paths
2025-10-04 11:33:34,416 - INFO - Update completed successfully
2025-10-04 11:33:34,416 - INFO - Waiting 60 seconds until next update...
2025-10-04 11:34:34,416 - INFO - === Update iteration 5 ===
2025-10-04 11:34:34,416 - INFO - Attempting to connect to http://localhost:9997/v3/config/paths/list
2025-10-04 11:34:34,417 - INFO - Response status code: 200
2025-10-04 11:34:34,417 - INFO - Successfully parsed JSON response
2025-10-04 11:34:34,417 - INFO - === DEBUG: Response Structure ===
2025-10-04 11:34:34,417 - INFO - Type of config_data: <class 'dict'>
2025-10-04 11:34:34,417 - INFO - Keys in config_data: ['itemCount', 'pageCount', 'items']
2025-10-04 11:34:34,417 - INFO - 'items' key found with 3 items
2025-10-04 11:34:34,417 - INFO - First item in 'items': {'name': 'all_others', 'source': 'publisher', 'sourceFingerprint': '', 'sourceOnDemand': False, 'sourceOnDemandStartTimeout': '10s', 'sourceOnDemandCloseAfter': '10s', 'maxReaders': 0, 'srtReadPassphrase': '', 'fallback': '', 'useAbsoluteTimestamp': False, 'record': False, 'recordPath': '/recordings/%path/%Y-%m-%d_%H-%M-%S-%f', 'recordFormat': 'fmp4', 'recordPartDuration': '1s', 'recordMaxPartSize': '50M', 'recordSegmentDuration': '1h0m0s', 'recordDeleteAfter': '1d', 'overridePublisher': True, 'srtPublishPassphrase': '', 'rtspTransport': 'automatic', 'rtspAnyPort': False, 'rtspRangeType': '', 'rtspRangeStart': '', 'rtspUDPReadBufferSize': 0, 'mpegtsUDPReadBufferSize': 0, 'rtpSDP': '', 'rtpUDPReadBufferSize': 0, 'sourceRedirect': '', 'rpiCameraCamID': 0, 'rpiCameraSecondary': False, 'rpiCameraWidth': 1920, 'rpiCameraHeight': 1080, 'rpiCameraHFlip': False, 'rpiCameraVFlip': False, 'rpiCameraBrightness': 0, 'rpiCameraContrast': 1, 'rpiCameraSaturation': 1, 'rpiCameraSharpness': 1, 'rpiCameraExposure': 'normal', 'rpiCameraAWB': 'auto', 'rpiCameraAWBGains': [0, 0], 'rpiCameraDenoise': 'off', 'rpiCameraShutter': 0, 'rpiCameraMetering': 'centre', 'rpiCameraGain': 0, 'rpiCameraEV': 0, 'rpiCameraROI': '', 'rpiCameraHDR': False, 'rpiCameraTuningFile': '', 'rpiCameraMode': '', 'rpiCameraFPS': 30, 'rpiCameraAfMode': 'continuous', 'rpiCameraAfRange': 'normal', 'rpiCameraAfSpeed': 'normal', 'rpiCameraLensPosition': 0, 'rpiCameraAfWindow': '', 'rpiCameraFlickerPeriod': 0, 'rpiCameraTextOverlayEnable': False, 'rpiCameraTextOverlay': '%Y-%m-%d %H:%M:%S - MediaMTX', 'rpiCameraCodec': 'auto', 'rpiCameraIDRPeriod': 60, 'rpiCameraBitrate': 5000000, 'rpiCameraHardwareH264Profile': 'main', 'rpiCameraHardwareH264Level': '4.1', 'rpiCameraSoftwareH264Profile': 'baseline', 'rpiCameraSoftwareH264Level': '4.1', 'rpiCameraMJPEGQuality': 60, 'runOnInit': '', 'runOnInitRestart': False, 'runOnDemand': '', 'runOnDemandRestart': False, 'runOnDemandStartTimeout': '10s', 'runOnDemandCloseAfter': '10s', 'runOnUnDemand': '', 'runOnReady': '', 'runOnReadyRestart': False, 'runOnNotReady': '', 'runOnRead': '', 'runOnReadRestart': False, 'runOnUnread': '', 'runOnRecordSegmentCreate': '', 'runOnRecordSegmentComplete': ''}
2025-10-04 11:34:34,417 - INFO - === END DEBUG ===
2025-10-04 11:34:34,418 - INFO - Found paths in 'items' key
2025-10-04 11:34:34,418 - INFO - Converted 3 paths from items
2025-10-04 11:34:34,418 - INFO - Extracted 3 paths:
2025-10-04 11:34:34,418 - INFO -   - all_others: publisher
2025-10-04 11:34:34,418 - INFO -   - cam1: rtsp://admin:N0vin-123PNR@192.168.50.27
2025-10-04 11:34:34,418 - INFO -   - camera1: rtsp://admin:N0vin-123PNR@192.168.50.26
2025-10-04 11:34:34,418 - INFO - Processing 3 paths
2025-10-04 11:34:34,418 - INFO - Successfully read config file: ./mediamtx.yml
2025-10-04 11:34:34,418 - INFO - Found 'paths:' at line 115
2025-10-04 11:34:34,418 - INFO - Found 'all_others:' at line 120
2025-10-04 11:34:34,418 - INFO - Added path: cam1 -> rtsp://admin:N0vin-123PNR@192.168.50.27
2025-10-04 11:34:34,418 - INFO - Added path: camera1 -> rtsp://admin:N0vin-123PNR@192.168.50.26
2025-10-04 11:34:34,418 - INFO - Successfully updated config file with 2 paths
2025-10-04 11:34:34,418 - INFO - Update completed successfully
2025-10-04 11:34:34,418 - INFO - Waiting 60 seconds until next update...
2025-10-04 11:35:34,418 - INFO - === Update iteration 6 ===
2025-10-04 11:35:34,418 - INFO - Attempting to connect to http://localhost:9997/v3/config/paths/list
2025-10-04 11:35:34,420 - INFO - Response status code: 200
2025-10-04 11:35:34,420 - INFO - Successfully parsed JSON response
2025-10-04 11:35:34,420 - INFO - === DEBUG: Response Structure ===
2025-10-04 11:35:34,420 - INFO - Type of config_data: <class 'dict'>
2025-10-04 11:35:34,420 - INFO - Keys in config_data: ['itemCount', 'pageCount', 'items']
2025-10-04 11:35:34,420 - INFO - 'items' key found with 3 items
2025-10-04 11:35:34,420 - INFO - First item in 'items': {'name': 'all_others', 'source': 'publisher', 'sourceFingerprint': '', 'sourceOnDemand': False, 'sourceOnDemandStartTimeout': '10s', 'sourceOnDemandCloseAfter': '10s', 'maxReaders': 0, 'srtReadPassphrase': '', 'fallback': '', 'useAbsoluteTimestamp': False, 'record': False, 'recordPath': '/recordings/%path/%Y-%m-%d_%H-%M-%S-%f', 'recordFormat': 'fmp4', 'recordPartDuration': '1s', 'recordMaxPartSize': '50M', 'recordSegmentDuration': '1h0m0s', 'recordDeleteAfter': '1d', 'overridePublisher': True, 'srtPublishPassphrase': '', 'rtspTransport': 'automatic', 'rtspAnyPort': False, 'rtspRangeType': '', 'rtspRangeStart': '', 'rtspUDPReadBufferSize': 0, 'mpegtsUDPReadBufferSize': 0, 'rtpSDP': '', 'rtpUDPReadBufferSize': 0, 'sourceRedirect': '', 'rpiCameraCamID': 0, 'rpiCameraSecondary': False, 'rpiCameraWidth': 1920, 'rpiCameraHeight': 1080, 'rpiCameraHFlip': False, 'rpiCameraVFlip': False, 'rpiCameraBrightness': 0, 'rpiCameraContrast': 1, 'rpiCameraSaturation': 1, 'rpiCameraSharpness': 1, 'rpiCameraExposure': 'normal', 'rpiCameraAWB': 'auto', 'rpiCameraAWBGains': [0, 0], 'rpiCameraDenoise': 'off', 'rpiCameraShutter': 0, 'rpiCameraMetering': 'centre', 'rpiCameraGain': 0, 'rpiCameraEV': 0, 'rpiCameraROI': '', 'rpiCameraHDR': False, 'rpiCameraTuningFile': '', 'rpiCameraMode': '', 'rpiCameraFPS': 30, 'rpiCameraAfMode': 'continuous', 'rpiCameraAfRange': 'normal', 'rpiCameraAfSpeed': 'normal', 'rpiCameraLensPosition': 0, 'rpiCameraAfWindow': '', 'rpiCameraFlickerPeriod': 0, 'rpiCameraTextOverlayEnable': False, 'rpiCameraTextOverlay': '%Y-%m-%d %H:%M:%S - MediaMTX', 'rpiCameraCodec': 'auto', 'rpiCameraIDRPeriod': 60, 'rpiCameraBitrate': 5000000, 'rpiCameraHardwareH264Profile': 'main', 'rpiCameraHardwareH264Level': '4.1', 'rpiCameraSoftwareH264Profile': 'baseline', 'rpiCameraSoftwareH264Level': '4.1', 'rpiCameraMJPEGQuality': 60, 'runOnInit': '', 'runOnInitRestart': False, 'runOnDemand': '', 'runOnDemandRestart': False, 'runOnDemandStartTimeout': '10s', 'runOnDemandCloseAfter': '10s', 'runOnUnDemand': '', 'runOnReady': '', 'runOnReadyRestart': False, 'runOnNotReady': '', 'runOnRead': '', 'runOnReadRestart': False, 'runOnUnread': '', 'runOnRecordSegmentCreate': '', 'runOnRecordSegmentComplete': ''}
2025-10-04 11:35:34,420 - INFO - === END DEBUG ===
2025-10-04 11:35:34,420 - INFO - Found paths in 'items' key
2025-10-04 11:35:34,420 - INFO - Converted 3 paths from items
2025-10-04 11:35:34,420 - INFO - Extracted 3 paths:
2025-10-04 11:35:34,420 - INFO -   - all_others: publisher
2025-10-04 11:35:34,420 - INFO -   - cam1: rtsp://admin:N0vin-123PNR@192.168.50.27
2025-10-04 11:35:34,420 - INFO -   - camera1: rtsp://admin:N0vin-123PNR@192.168.50.26
2025-10-04 11:35:34,420 - INFO - Processing 3 paths
2025-10-04 11:35:34,420 - INFO - Successfully read config file: ./mediamtx.yml
2025-10-04 11:35:34,420 - INFO - Found 'paths:' at line 115
2025-10-04 11:35:34,420 - INFO - Found 'all_others:' at line 120
2025-10-04 11:35:34,420 - INFO - Added path: cam1 -> rtsp://admin:N0vin-123PNR@192.168.50.27
2025-10-04 11:35:34,420 - INFO - Added path: camera1 -> rtsp://admin:N0vin-123PNR@192.168.50.26
2025-10-04 11:35:34,420 - INFO - Successfully updated config file with 2 paths
2025-10-04 11:35:34,421 - INFO - Update completed successfully
2025-10-04 11:35:34,421 - INFO - Waiting 60 seconds until next update...
2025-10-04 11:36:34,421 - INFO - === Update iteration 7 ===
2025-10-04 11:36:34,421 - INFO - Attempting to connect to http://localhost:9997/v3/config/paths/list
2025-10-04 11:36:34,422 - INFO - Response status code: 200
2025-10-04 11:36:34,422 - INFO - Successfully parsed JSON response
2025-10-04 11:36:34,422 - INFO - === DEBUG: Response Structure ===
2025-10-04 11:36:34,423 - INFO - Type of config_data: <class 'dict'>
2025-10-04 11:36:34,423 - INFO - Keys in config_data: ['itemCount', 'pageCount', 'items']
2025-10-04 11:36:34,423 - INFO - 'items' key found with 4 items
2025-10-04 11:36:34,423 - INFO - First item in 'items': {'name': 'all_others', 'source': 'publisher', 'sourceFingerprint': '', 'sourceOnDemand': False, 'sourceOnDemandStartTimeout': '10s', 'sourceOnDemandCloseAfter': '10s', 'maxReaders': 0, 'srtReadPassphrase': '', 'fallback': '', 'useAbsoluteTimestamp': False, 'record': False, 'recordPath': '/recordings/%path/%Y-%m-%d_%H-%M-%S-%f', 'recordFormat': 'fmp4', 'recordPartDuration': '1s', 'recordMaxPartSize': '50M', 'recordSegmentDuration': '1h0m0s', 'recordDeleteAfter': '1d', 'overridePublisher': True, 'srtPublishPassphrase': '', 'rtspTransport': 'automatic', 'rtspAnyPort': False, 'rtspRangeType': '', 'rtspRangeStart': '', 'rtspUDPReadBufferSize': 0, 'mpegtsUDPReadBufferSize': 0, 'rtpSDP': '', 'rtpUDPReadBufferSize': 0, 'sourceRedirect': '', 'rpiCameraCamID': 0, 'rpiCameraSecondary': False, 'rpiCameraWidth': 1920, 'rpiCameraHeight': 1080, 'rpiCameraHFlip': False, 'rpiCameraVFlip': False, 'rpiCameraBrightness': 0, 'rpiCameraContrast': 1, 'rpiCameraSaturation': 1, 'rpiCameraSharpness': 1, 'rpiCameraExposure': 'normal', 'rpiCameraAWB': 'auto', 'rpiCameraAWBGains': [0, 0], 'rpiCameraDenoise': 'off', 'rpiCameraShutter': 0, 'rpiCameraMetering': 'centre', 'rpiCameraGain': 0, 'rpiCameraEV': 0, 'rpiCameraROI': '', 'rpiCameraHDR': False, 'rpiCameraTuningFile': '', 'rpiCameraMode': '', 'rpiCameraFPS': 30, 'rpiCameraAfMode': 'continuous', 'rpiCameraAfRange': 'normal', 'rpiCameraAfSpeed': 'normal', 'rpiCameraLensPosition': 0, 'rpiCameraAfWindow': '', 'rpiCameraFlickerPeriod': 0, 'rpiCameraTextOverlayEnable': False, 'rpiCameraTextOverlay': '%Y-%m-%d %H:%M:%S - MediaMTX', 'rpiCameraCodec': 'auto', 'rpiCameraIDRPeriod': 60, 'rpiCameraBitrate': 5000000, 'rpiCameraHardwareH264Profile': 'main', 'rpiCameraHardwareH264Level': '4.1', 'rpiCameraSoftwareH264Profile': 'baseline', 'rpiCameraSoftwareH264Level': '4.1', 'rpiCameraMJPEGQuality': 60, 'runOnInit': '', 'runOnInitRestart': False, 'runOnDemand': '', 'runOnDemandRestart': False, 'runOnDemandStartTimeout': '10s', 'runOnDemandCloseAfter': '10s', 'runOnUnDemand': '', 'runOnReady': '', 'runOnReadyRestart': False, 'runOnNotReady': '', 'runOnRead': '', 'runOnReadRestart': False, 'runOnUnread': '', 'runOnRecordSegmentCreate': '', 'runOnRecordSegmentComplete': ''}
2025-10-04 11:36:34,423 - INFO - === END DEBUG ===
2025-10-04 11:36:34,423 - INFO - Found paths in 'items' key
2025-10-04 11:36:34,423 - INFO - Converted 4 paths from items
2025-10-04 11:36:34,423 - INFO - Extracted 4 paths:
2025-10-04 11:36:34,423 - INFO -   - all_others: publisher
2025-10-04 11:36:34,423 - INFO -   - cam1: rtsp://admin:N0vin-123PNR@192.168.50.27
2025-10-04 11:36:34,423 - INFO -   - cam2: rtsp://admin:N0vin-123PNR@192.168.50.27
2025-10-04 11:36:34,423 - INFO -   - camera1: rtsp://admin:N0vin-123PNR@192.168.50.26
2025-10-04 11:36:34,423 - INFO - Processing 4 paths
2025-10-04 11:36:34,423 - INFO - Successfully read config file: ./mediamtx.yml
2025-10-04 11:36:34,423 - INFO - Found 'paths:' at line 115
2025-10-04 11:36:34,423 - INFO - Found 'all_others:' at line 120
2025-10-04 11:36:34,423 - INFO - Added path: cam1 -> rtsp://admin:N0vin-123PNR@192.168.50.27
2025-10-04 11:36:34,423 - INFO - Added path: cam2 -> rtsp://admin:N0vin-123PNR@192.168.50.27
2025-10-04 11:36:34,423 - INFO - Added path: camera1 -> rtsp://admin:N0vin-123PNR@192.168.50.26
2025-10-04 11:36:34,423 - INFO - Successfully updated config file with 3 paths
2025-10-04 11:36:34,424 - INFO - Update completed successfully
2025-10-04 11:36:34,424 - INFO - Waiting 60 seconds until next update...
2025-10-04 11:37:34,424 - INFO - === Update iteration 8 ===
2025-10-04 11:37:34,424 - INFO - Attempting to connect to http://localhost:9997/v3/config/paths/list
2025-10-04 11:37:34,425 - INFO - Response status code: 200
2025-10-04 11:37:34,426 - INFO - Successfully parsed JSON response
2025-10-04 11:37:34,426 - INFO - === DEBUG: Response Structure ===
2025-10-04 11:37:34,426 - INFO - Type of config_data: <class 'dict'>
2025-10-04 11:37:34,426 - INFO - Keys in config_data: ['itemCount', 'pageCount', 'items']
2025-10-04 11:37:34,426 - INFO - 'items' key found with 4 items
2025-10-04 11:37:34,426 - INFO - First item in 'items': {'name': 'all_others', 'source': 'publisher', 'sourceFingerprint': '', 'sourceOnDemand': False, 'sourceOnDemandStartTimeout': '10s', 'sourceOnDemandCloseAfter': '10s', 'maxReaders': 0, 'srtReadPassphrase': '', 'fallback': '', 'useAbsoluteTimestamp': False, 'record': False, 'recordPath': '/recordings/%path/%Y-%m-%d_%H-%M-%S-%f', 'recordFormat': 'fmp4', 'recordPartDuration': '1s', 'recordMaxPartSize': '50M', 'recordSegmentDuration': '1h0m0s', 'recordDeleteAfter': '1d', 'overridePublisher': True, 'srtPublishPassphrase': '', 'rtspTransport': 'automatic', 'rtspAnyPort': False, 'rtspRangeType': '', 'rtspRangeStart': '', 'rtspUDPReadBufferSize': 0, 'mpegtsUDPReadBufferSize': 0, 'rtpSDP': '', 'rtpUDPReadBufferSize': 0, 'sourceRedirect': '', 'rpiCameraCamID': 0, 'rpiCameraSecondary': False, 'rpiCameraWidth': 1920, 'rpiCameraHeight': 1080, 'rpiCameraHFlip': False, 'rpiCameraVFlip': False, 'rpiCameraBrightness': 0, 'rpiCameraContrast': 1, 'rpiCameraSaturation': 1, 'rpiCameraSharpness': 1, 'rpiCameraExposure': 'normal', 'rpiCameraAWB': 'auto', 'rpiCameraAWBGains': [0, 0], 'rpiCameraDenoise': 'off', 'rpiCameraShutter': 0, 'rpiCameraMetering': 'centre', 'rpiCameraGain': 0, 'rpiCameraEV': 0, 'rpiCameraROI': '', 'rpiCameraHDR': False, 'rpiCameraTuningFile': '', 'rpiCameraMode': '', 'rpiCameraFPS': 30, 'rpiCameraAfMode': 'continuous', 'rpiCameraAfRange': 'normal', 'rpiCameraAfSpeed': 'normal', 'rpiCameraLensPosition': 0, 'rpiCameraAfWindow': '', 'rpiCameraFlickerPeriod': 0, 'rpiCameraTextOverlayEnable': False, 'rpiCameraTextOverlay': '%Y-%m-%d %H:%M:%S - MediaMTX', 'rpiCameraCodec': 'auto', 'rpiCameraIDRPeriod': 60, 'rpiCameraBitrate': 5000000, 'rpiCameraHardwareH264Profile': 'main', 'rpiCameraHardwareH264Level': '4.1', 'rpiCameraSoftwareH264Profile': 'baseline', 'rpiCameraSoftwareH264Level': '4.1', 'rpiCameraMJPEGQuality': 60, 'runOnInit': '', 'runOnInitRestart': False, 'runOnDemand': '', 'runOnDemandRestart': False, 'runOnDemandStartTimeout': '10s', 'runOnDemandCloseAfter': '10s', 'runOnUnDemand': '', 'runOnReady': '', 'runOnReadyRestart': False, 'runOnNotReady': '', 'runOnRead': '', 'runOnReadRestart': False, 'runOnUnread': '', 'runOnRecordSegmentCreate': '', 'runOnRecordSegmentComplete': ''}
2025-10-04 11:37:34,426 - INFO - === END DEBUG ===
2025-10-04 11:37:34,426 - INFO - Found paths in 'items' key
2025-10-04 11:37:34,426 - INFO - Converted 4 paths from items
2025-10-04 11:37:34,426 - INFO - Extracted 4 paths:
2025-10-04 11:37:34,426 - INFO -   - all_others: publisher
2025-10-04 11:37:34,426 - INFO -   - cam1: rtsp://admin:N0vin-123PNR@192.168.50.27
2025-10-04 11:37:34,426 - INFO -   - cam2: rtsp://admin:N0vin-123PNR@192.168.50.27
2025-10-04 11:37:34,426 - INFO -   - camera1: rtsp://admin:N0vin-123PNR@192.168.50.26
2025-10-04 11:37:34,426 - INFO - Processing 4 paths
2025-10-04 11:37:34,426 - INFO - Successfully read config file: ./mediamtx.yml
2025-10-04 11:37:34,426 - INFO - Found 'paths:' at line 115
2025-10-04 11:37:34,426 - INFO - Found 'all_others:' at line 122
2025-10-04 11:37:34,426 - INFO - Added path: cam1 -> rtsp://admin:N0vin-123PNR@192.168.50.27
2025-10-04 11:37:34,427 - INFO - Added path: cam2 -> rtsp://admin:N0vin-123PNR@192.168.50.27
2025-10-04 11:37:34,427 - INFO - Added path: camera1 -> rtsp://admin:N0vin-123PNR@192.168.50.26
2025-10-04 11:37:34,427 - INFO - Successfully updated config file with 3 paths
2025-10-04 11:37:34,427 - INFO - Update completed successfully
2025-10-04 11:37:34,427 - INFO - Waiting 60 seconds until next update...
2025-10-04 11:38:34,427 - INFO - === Update iteration 9 ===
2025-10-04 11:38:34,427 - INFO - Attempting to connect to http://localhost:9997/v3/config/paths/list
2025-10-04 11:38:34,429 - INFO - Response status code: 200
2025-10-04 11:38:34,429 - INFO - Successfully parsed JSON response
2025-10-04 11:38:34,429 - INFO - === DEBUG: Response Structure ===
2025-10-04 11:38:34,429 - INFO - Type of config_data: <class 'dict'>
2025-10-04 11:38:34,429 - INFO - Keys in config_data: ['itemCount', 'pageCount', 'items']
2025-10-04 11:38:34,429 - INFO - 'items' key found with 4 items
2025-10-04 11:38:34,429 - INFO - First item in 'items': {'name': 'all_others', 'source': 'publisher', 'sourceFingerprint': '', 'sourceOnDemand': False, 'sourceOnDemandStartTimeout': '10s', 'sourceOnDemandCloseAfter': '10s', 'maxReaders': 0, 'srtReadPassphrase': '', 'fallback': '', 'useAbsoluteTimestamp': False, 'record': False, 'recordPath': '/recordings/%path/%Y-%m-%d_%H-%M-%S-%f', 'recordFormat': 'fmp4', 'recordPartDuration': '1s', 'recordMaxPartSize': '50M', 'recordSegmentDuration': '1h0m0s', 'recordDeleteAfter': '1d', 'overridePublisher': True, 'srtPublishPassphrase': '', 'rtspTransport': 'automatic', 'rtspAnyPort': False, 'rtspRangeType': '', 'rtspRangeStart': '', 'rtspUDPReadBufferSize': 0, 'mpegtsUDPReadBufferSize': 0, 'rtpSDP': '', 'rtpUDPReadBufferSize': 0, 'sourceRedirect': '', 'rpiCameraCamID': 0, 'rpiCameraSecondary': False, 'rpiCameraWidth': 1920, 'rpiCameraHeight': 1080, 'rpiCameraHFlip': False, 'rpiCameraVFlip': False, 'rpiCameraBrightness': 0, 'rpiCameraContrast': 1, 'rpiCameraSaturation': 1, 'rpiCameraSharpness': 1, 'rpiCameraExposure': 'normal', 'rpiCameraAWB': 'auto', 'rpiCameraAWBGains': [0, 0], 'rpiCameraDenoise': 'off', 'rpiCameraShutter': 0, 'rpiCameraMetering': 'centre', 'rpiCameraGain': 0, 'rpiCameraEV': 0, 'rpiCameraROI': '', 'rpiCameraHDR': False, 'rpiCameraTuningFile': '', 'rpiCameraMode': '', 'rpiCameraFPS': 30, 'rpiCameraAfMode': 'continuous', 'rpiCameraAfRange': 'normal', 'rpiCameraAfSpeed': 'normal', 'rpiCameraLensPosition': 0, 'rpiCameraAfWindow': '', 'rpiCameraFlickerPeriod': 0, 'rpiCameraTextOverlayEnable': False, 'rpiCameraTextOverlay': '%Y-%m-%d %H:%M:%S - MediaMTX', 'rpiCameraCodec': 'auto', 'rpiCameraIDRPeriod': 60, 'rpiCameraBitrate': 5000000, 'rpiCameraHardwareH264Profile': 'main', 'rpiCameraHardwareH264Level': '4.1', 'rpiCameraSoftwareH264Profile': 'baseline', 'rpiCameraSoftwareH264Level': '4.1', 'rpiCameraMJPEGQuality': 60, 'runOnInit': '', 'runOnInitRestart': False, 'runOnDemand': '', 'runOnDemandRestart': False, 'runOnDemandStartTimeout': '10s', 'runOnDemandCloseAfter': '10s', 'runOnUnDemand': '', 'runOnReady': '', 'runOnReadyRestart': False, 'runOnNotReady': '', 'runOnRead': '', 'runOnReadRestart': False, 'runOnUnread': '', 'runOnRecordSegmentCreate': '', 'runOnRecordSegmentComplete': ''}
2025-10-04 11:38:34,429 - INFO - === END DEBUG ===
2025-10-04 11:38:34,430 - INFO - Found paths in 'items' key
2025-10-04 11:38:34,430 - INFO - Converted 4 paths from items
2025-10-04 11:38:34,430 - INFO - Extracted 4 paths:
2025-10-04 11:38:34,430 - INFO -   - all_others: publisher
2025-10-04 11:38:34,430 - INFO -   - cam1: rtsp://admin:N0vin-123PNR@192.168.50.27
2025-10-04 11:38:34,430 - INFO -   - cam2: rtsp://admin:N0vin-123PNR@192.168.50.27
2025-10-04 11:38:34,430 - INFO -   - camera1: rtsp://admin:N0vin-123PNR@192.168.50.26
2025-10-04 11:38:34,430 - INFO - Processing 4 paths
2025-10-04 11:38:34,430 - INFO - Successfully read config file: ./mediamtx.yml
2025-10-04 11:38:34,430 - INFO - Found 'paths:' at line 115
2025-10-04 11:38:34,430 - INFO - Found 'all_others:' at line 122
2025-10-04 11:38:34,430 - INFO - Added path: cam1 -> rtsp://admin:N0vin-123PNR@192.168.50.27
2025-10-04 11:38:34,430 - INFO - Added path: cam2 -> rtsp://admin:N0vin-123PNR@192.168.50.27
2025-10-04 11:38:34,430 - INFO - Added path: camera1 -> rtsp://admin:N0vin-123PNR@192.168.50.26
2025-10-04 11:38:34,430 - INFO - Successfully updated config file with 3 paths
2025-10-04 11:38:34,430 - INFO - Update completed successfully
2025-10-04 11:38:34,430 - INFO - Waiting 60 seconds until next update...
2025-10-04 11:39:34,431 - INFO - === Update iteration 10 ===
2025-10-04 11:39:34,431 - INFO - Attempting to connect to http://localhost:9997/v3/config/paths/list
2025-10-04 11:39:34,432 - INFO - Response status code: 200
2025-10-04 11:39:34,433 - INFO - Successfully parsed JSON response
2025-10-04 11:39:34,433 - INFO - === DEBUG: Response Structure ===
2025-10-04 11:39:34,433 - INFO - Type of config_data: <class 'dict'>
2025-10-04 11:39:34,433 - INFO - Keys in config_data: ['itemCount', 'pageCount', 'items']
2025-10-04 11:39:34,433 - INFO - 'items' key found with 4 items
2025-10-04 11:39:34,433 - INFO - First item in 'items': {'name': 'all_others', 'source': 'publisher', 'sourceFingerprint': '', 'sourceOnDemand': False, 'sourceOnDemandStartTimeout': '10s', 'sourceOnDemandCloseAfter': '10s', 'maxReaders': 0, 'srtReadPassphrase': '', 'fallback': '', 'useAbsoluteTimestamp': False, 'record': False, 'recordPath': '/recordings/%path/%Y-%m-%d_%H-%M-%S-%f', 'recordFormat': 'fmp4', 'recordPartDuration': '1s', 'recordMaxPartSize': '50M', 'recordSegmentDuration': '1h0m0s', 'recordDeleteAfter': '1d', 'overridePublisher': True, 'srtPublishPassphrase': '', 'rtspTransport': 'automatic', 'rtspAnyPort': False, 'rtspRangeType': '', 'rtspRangeStart': '', 'rtspUDPReadBufferSize': 0, 'mpegtsUDPReadBufferSize': 0, 'rtpSDP': '', 'rtpUDPReadBufferSize': 0, 'sourceRedirect': '', 'rpiCameraCamID': 0, 'rpiCameraSecondary': False, 'rpiCameraWidth': 1920, 'rpiCameraHeight': 1080, 'rpiCameraHFlip': False, 'rpiCameraVFlip': False, 'rpiCameraBrightness': 0, 'rpiCameraContrast': 1, 'rpiCameraSaturation': 1, 'rpiCameraSharpness': 1, 'rpiCameraExposure': 'normal', 'rpiCameraAWB': 'auto', 'rpiCameraAWBGains': [0, 0], 'rpiCameraDenoise': 'off', 'rpiCameraShutter': 0, 'rpiCameraMetering': 'centre', 'rpiCameraGain': 0, 'rpiCameraEV': 0, 'rpiCameraROI': '', 'rpiCameraHDR': False, 'rpiCameraTuningFile': '', 'rpiCameraMode': '', 'rpiCameraFPS': 30, 'rpiCameraAfMode': 'continuous', 'rpiCameraAfRange': 'normal', 'rpiCameraAfSpeed': 'normal', 'rpiCameraLensPosition': 0, 'rpiCameraAfWindow': '', 'rpiCameraFlickerPeriod': 0, 'rpiCameraTextOverlayEnable': False, 'rpiCameraTextOverlay': '%Y-%m-%d %H:%M:%S - MediaMTX', 'rpiCameraCodec': 'auto', 'rpiCameraIDRPeriod': 60, 'rpiCameraBitrate': 5000000, 'rpiCameraHardwareH264Profile': 'main', 'rpiCameraHardwareH264Level': '4.1', 'rpiCameraSoftwareH264Profile': 'baseline', 'rpiCameraSoftwareH264Level': '4.1', 'rpiCameraMJPEGQuality': 60, 'runOnInit': '', 'runOnInitRestart': False, 'runOnDemand': '', 'runOnDemandRestart': False, 'runOnDemandStartTimeout': '10s', 'runOnDemandCloseAfter': '10s', 'runOnUnDemand': '', 'runOnReady': '', 'runOnReadyRestart': False, 'runOnNotReady': '', 'runOnRead': '', 'runOnReadRestart': False, 'runOnUnread': '', 'runOnRecordSegmentCreate': '', 'runOnRecordSegmentComplete': ''}
2025-10-04 11:39:34,433 - INFO - === END DEBUG ===
2025-10-04 11:39:34,433 - INFO - Found paths in 'items' key
2025-10-04 11:39:34,433 - INFO - Converted 4 paths from items
2025-10-04 11:39:34,433 - INFO - Extracted 4 paths:
2025-10-04 11:39:34,433 - INFO -   - all_others: publisher
2025-10-04 11:39:34,433 - INFO -   - cam1: rtsp://admin:N0vin-123PNR@192.168.50.27
2025-10-04 11:39:34,433 - INFO -   - cam2: rtsp://admin:N0vin-123PNR@192.168.50.27
2025-10-04 11:39:34,433 - INFO -   - camera1: rtsp://admin:N0vin-123PNR@192.168.50.26
2025-10-04 11:39:34,433 - INFO - Processing 4 paths
2025-10-04 11:39:34,433 - INFO - Successfully read config file: ./mediamtx.yml
2025-10-04 11:39:34,433 - INFO - Found 'paths:' at line 115
2025-10-04 11:39:34,433 - INFO - Found 'all_others:' at line 122
2025-10-04 11:39:34,433 - INFO - Added path: cam1 -> rtsp://admin:N0vin-123PNR@192.168.50.27
2025-10-04 11:39:34,434 - INFO - Added path: cam2 -> rtsp://admin:N0vin-123PNR@192.168.50.27
2025-10-04 11:39:34,434 - INFO - Added path: camera1 -> rtsp://admin:N0vin-123PNR@192.168.50.26
2025-10-04 11:39:34,434 - INFO - Successfully updated config file with 3 paths
2025-10-04 11:39:34,434 - INFO - Update completed successfully
2025-10-04 11:39:34,434 - INFO - Waiting 60 seconds until next update...
2025-10-04 11:40:34,434 - INFO - === Update iteration 11 ===
2025-10-04 11:40:34,434 - INFO - Attempting to connect to http://localhost:9997/v3/config/paths/list
2025-10-04 11:40:34,436 - INFO - Response status code: 200
2025-10-04 11:40:34,437 - INFO - Successfully parsed JSON response
2025-10-04 11:40:34,437 - INFO - === DEBUG: Response Structure ===
2025-10-04 11:40:34,437 - INFO - Type of config_data: <class 'dict'>
2025-10-04 11:40:34,437 - INFO - Keys in config_data: ['itemCount', 'pageCount', 'items']
2025-10-04 11:40:34,437 - INFO - 'items' key found with 4 items
2025-10-04 11:40:34,437 - INFO - First item in 'items': {'name': 'all_others', 'source': 'publisher', 'sourceFingerprint': '', 'sourceOnDemand': False, 'sourceOnDemandStartTimeout': '10s', 'sourceOnDemandCloseAfter': '10s', 'maxReaders': 0, 'srtReadPassphrase': '', 'fallback': '', 'useAbsoluteTimestamp': False, 'record': False, 'recordPath': '/recordings/%path/%Y-%m-%d_%H-%M-%S-%f', 'recordFormat': 'fmp4', 'recordPartDuration': '1s', 'recordMaxPartSize': '50M', 'recordSegmentDuration': '1h0m0s', 'recordDeleteAfter': '1d', 'overridePublisher': True, 'srtPublishPassphrase': '', 'rtspTransport': 'automatic', 'rtspAnyPort': False, 'rtspRangeType': '', 'rtspRangeStart': '', 'rtspUDPReadBufferSize': 0, 'mpegtsUDPReadBufferSize': 0, 'rtpSDP': '', 'rtpUDPReadBufferSize': 0, 'sourceRedirect': '', 'rpiCameraCamID': 0, 'rpiCameraSecondary': False, 'rpiCameraWidth': 1920, 'rpiCameraHeight': 1080, 'rpiCameraHFlip': False, 'rpiCameraVFlip': False, 'rpiCameraBrightness': 0, 'rpiCameraContrast': 1, 'rpiCameraSaturation': 1, 'rpiCameraSharpness': 1, 'rpiCameraExposure': 'normal', 'rpiCameraAWB': 'auto', 'rpiCameraAWBGains': [0, 0], 'rpiCameraDenoise': 'off', 'rpiCameraShutter': 0, 'rpiCameraMetering': 'centre', 'rpiCameraGain': 0, 'rpiCameraEV': 0, 'rpiCameraROI': '', 'rpiCameraHDR': False, 'rpiCameraTuningFile': '', 'rpiCameraMode': '', 'rpiCameraFPS': 30, 'rpiCameraAfMode': 'continuous', 'rpiCameraAfRange': 'normal', 'rpiCameraAfSpeed': 'normal', 'rpiCameraLensPosition': 0, 'rpiCameraAfWindow': '', 'rpiCameraFlickerPeriod': 0, 'rpiCameraTextOverlayEnable': False, 'rpiCameraTextOverlay': '%Y-%m-%d %H:%M:%S - MediaMTX', 'rpiCameraCodec': 'auto', 'rpiCameraIDRPeriod': 60, 'rpiCameraBitrate': 5000000, 'rpiCameraHardwareH264Profile': 'main', 'rpiCameraHardwareH264Level': '4.1', 'rpiCameraSoftwareH264Profile': 'baseline', 'rpiCameraSoftwareH264Level': '4.1', 'rpiCameraMJPEGQuality': 60, 'runOnInit': '', 'runOnInitRestart': False, 'runOnDemand': '', 'runOnDemandRestart': False, 'runOnDemandStartTimeout': '10s', 'runOnDemandCloseAfter': '10s', 'runOnUnDemand': '', 'runOnReady': '', 'runOnReadyRestart': False, 'runOnNotReady': '', 'runOnRead': '', 'runOnReadRestart': False, 'runOnUnread': '', 'runOnRecordSegmentCreate': '', 'runOnRecordSegmentComplete': ''}
2025-10-04 11:40:34,437 - INFO - === END DEBUG ===
2025-10-04 11:40:34,437 - INFO - Found paths in 'items' key
2025-10-04 11:40:34,437 - INFO - Converted 4 paths from items
2025-10-04 11:40:34,437 - INFO - Extracted 4 paths:
2025-10-04 11:40:34,437 - INFO -   - all_others: publisher
2025-10-04 11:40:34,437 - INFO -   - cam1: rtsp://admin:N0vin-123PNR@192.168.50.27
2025-10-04 11:40:34,437 - INFO -   - cam2: rtsp://admin:N0vin-123PNR@192.168.50.27
2025-10-04 11:40:34,437 - INFO -   - camera1: rtsp://admin:N0vin-123PNR@192.168.50.26
2025-10-04 11:40:34,437 - INFO - Processing 4 paths
2025-10-04 11:40:34,437 - INFO - Successfully read config file: ./mediamtx.yml
2025-10-04 11:40:34,437 - INFO - Found 'paths:' at line 115
2025-10-04 11:40:34,437 - INFO - Found 'all_others:' at line 122
2025-10-04 11:40:34,437 - INFO - Added path: cam1 -> rtsp://admin:N0vin-123PNR@192.168.50.27
2025-10-04 11:40:34,437 - INFO - Added path: cam2 -> rtsp://admin:N0vin-123PNR@192.168.50.27
2025-10-04 11:40:34,438 - INFO - Added path: camera1 -> rtsp://admin:N0vin-123PNR@192.168.50.26
2025-10-04 11:40:34,438 - INFO - Successfully updated config file with 3 paths
2025-10-04 11:40:34,438 - INFO - Update completed successfully
2025-10-04 11:40:34,438 - INFO - Waiting 60 seconds until next update...
2025-10-04 11:41:34,438 - INFO - === Update iteration 12 ===
2025-10-04 11:41:34,438 - INFO - Attempting to connect to http://localhost:9997/v3/config/paths/list
2025-10-04 11:41:34,440 - INFO - Response status code: 200
2025-10-04 11:41:34,440 - INFO - Successfully parsed JSON response
2025-10-04 11:41:34,440 - INFO - === DEBUG: Response Structure ===
2025-10-04 11:41:34,440 - INFO - Type of config_data: <class 'dict'>
2025-10-04 11:41:34,440 - INFO - Keys in config_data: ['itemCount', 'pageCount', 'items']
2025-10-04 11:41:34,440 - INFO - 'items' key found with 4 items
2025-10-04 11:41:34,440 - INFO - First item in 'items': {'name': 'all_others', 'source': 'publisher', 'sourceFingerprint': '', 'sourceOnDemand': False, 'sourceOnDemandStartTimeout': '10s', 'sourceOnDemandCloseAfter': '10s', 'maxReaders': 0, 'srtReadPassphrase': '', 'fallback': '', 'useAbsoluteTimestamp': False, 'record': False, 'recordPath': '/recordings/%path/%Y-%m-%d_%H-%M-%S-%f', 'recordFormat': 'fmp4', 'recordPartDuration': '1s', 'recordMaxPartSize': '50M', 'recordSegmentDuration': '1h0m0s', 'recordDeleteAfter': '1d', 'overridePublisher': True, 'srtPublishPassphrase': '', 'rtspTransport': 'automatic', 'rtspAnyPort': False, 'rtspRangeType': '', 'rtspRangeStart': '', 'rtspUDPReadBufferSize': 0, 'mpegtsUDPReadBufferSize': 0, 'rtpSDP': '', 'rtpUDPReadBufferSize': 0, 'sourceRedirect': '', 'rpiCameraCamID': 0, 'rpiCameraSecondary': False, 'rpiCameraWidth': 1920, 'rpiCameraHeight': 1080, 'rpiCameraHFlip': False, 'rpiCameraVFlip': False, 'rpiCameraBrightness': 0, 'rpiCameraContrast': 1, 'rpiCameraSaturation': 1, 'rpiCameraSharpness': 1, 'rpiCameraExposure': 'normal', 'rpiCameraAWB': 'auto', 'rpiCameraAWBGains': [0, 0], 'rpiCameraDenoise': 'off', 'rpiCameraShutter': 0, 'rpiCameraMetering': 'centre', 'rpiCameraGain': 0, 'rpiCameraEV': 0, 'rpiCameraROI': '', 'rpiCameraHDR': False, 'rpiCameraTuningFile': '', 'rpiCameraMode': '', 'rpiCameraFPS': 30, 'rpiCameraAfMode': 'continuous', 'rpiCameraAfRange': 'normal', 'rpiCameraAfSpeed': 'normal', 'rpiCameraLensPosition': 0, 'rpiCameraAfWindow': '', 'rpiCameraFlickerPeriod': 0, 'rpiCameraTextOverlayEnable': False, 'rpiCameraTextOverlay': '%Y-%m-%d %H:%M:%S - MediaMTX', 'rpiCameraCodec': 'auto', 'rpiCameraIDRPeriod': 60, 'rpiCameraBitrate': 5000000, 'rpiCameraHardwareH264Profile': 'main', 'rpiCameraHardwareH264Level': '4.1', 'rpiCameraSoftwareH264Profile': 'baseline', 'rpiCameraSoftwareH264Level': '4.1', 'rpiCameraMJPEGQuality': 60, 'runOnInit': '', 'runOnInitRestart': False, 'runOnDemand': '', 'runOnDemandRestart': False, 'runOnDemandStartTimeout': '10s', 'runOnDemandCloseAfter': '10s', 'runOnUnDemand': '', 'runOnReady': '', 'runOnReadyRestart': False, 'runOnNotReady': '', 'runOnRead': '', 'runOnReadRestart': False, 'runOnUnread': '', 'runOnRecordSegmentCreate': '', 'runOnRecordSegmentComplete': ''}
2025-10-04 11:41:34,440 - INFO - === END DEBUG ===
2025-10-04 11:41:34,441 - INFO - Found paths in 'items' key
2025-10-04 11:41:34,441 - INFO - Converted 4 paths from items
2025-10-04 11:41:34,441 - INFO - Extracted 4 paths:
2025-10-04 11:41:34,441 - INFO -   - all_others: publisher
2025-10-04 11:41:34,441 - INFO -   - cam1: rtsp://admin:N0vin-123PNR@192.168.50.27
2025-10-04 11:41:34,441 - INFO -   - cam2: rtsp://admin:N0vin-123PNR@192.168.50.27
2025-10-04 11:41:34,441 - INFO -   - camera1: rtsp://admin:N0vin-123PNR@192.168.50.26
2025-10-04 11:41:34,441 - INFO - Processing 4 paths
2025-10-04 11:41:34,441 - INFO - Successfully read config file: ./mediamtx.yml
2025-10-04 11:41:34,441 - INFO - Found 'paths:' at line 115
2025-10-04 11:41:34,441 - INFO - Found 'all_others:' at line 122
2025-10-04 11:41:34,441 - INFO - Added path: cam1 -> rtsp://admin:N0vin-123PNR@192.168.50.27
2025-10-04 11:41:34,441 - INFO - Added path: cam2 -> rtsp://admin:N0vin-123PNR@192.168.50.27
2025-10-04 11:41:34,441 - INFO - Added path: camera1 -> rtsp://admin:N0vin-123PNR@192.168.50.26
2025-10-04 11:41:34,441 - INFO - Successfully updated config file with 3 paths
2025-10-04 11:41:34,441 - INFO - Update completed successfully
2025-10-04 11:41:34,441 - INFO - Waiting 60 seconds until next update...
2025-10-04 11:42:34,441 - INFO - === Update iteration 13 ===
2025-10-04 11:42:34,442 - INFO - Attempting to connect to http://localhost:9997/v3/config/paths/list
2025-10-04 11:42:34,443 - INFO - Response status code: 200
2025-10-04 11:42:34,443 - INFO - Successfully parsed JSON response
2025-10-04 11:42:34,443 - INFO - === DEBUG: Response Structure ===
2025-10-04 11:42:34,443 - INFO - Type of config_data: <class 'dict'>
2025-10-04 11:42:34,443 - INFO - Keys in config_data: ['itemCount', 'pageCount', 'items']
2025-10-04 11:42:34,444 - INFO - 'items' key found with 4 items
2025-10-04 11:42:34,444 - INFO - First item in 'items': {'name': 'all_others', 'source': 'publisher', 'sourceFingerprint': '', 'sourceOnDemand': False, 'sourceOnDemandStartTimeout': '10s', 'sourceOnDemandCloseAfter': '10s', 'maxReaders': 0, 'srtReadPassphrase': '', 'fallback': '', 'useAbsoluteTimestamp': False, 'record': False, 'recordPath': '/recordings/%path/%Y-%m-%d_%H-%M-%S-%f', 'recordFormat': 'fmp4', 'recordPartDuration': '1s', 'recordMaxPartSize': '50M', 'recordSegmentDuration': '1h0m0s', 'recordDeleteAfter': '1d', 'overridePublisher': True, 'srtPublishPassphrase': '', 'rtspTransport': 'automatic', 'rtspAnyPort': False, 'rtspRangeType': '', 'rtspRangeStart': '', 'rtspUDPReadBufferSize': 0, 'mpegtsUDPReadBufferSize': 0, 'rtpSDP': '', 'rtpUDPReadBufferSize': 0, 'sourceRedirect': '', 'rpiCameraCamID': 0, 'rpiCameraSecondary': False, 'rpiCameraWidth': 1920, 'rpiCameraHeight': 1080, 'rpiCameraHFlip': False, 'rpiCameraVFlip': False, 'rpiCameraBrightness': 0, 'rpiCameraContrast': 1, 'rpiCameraSaturation': 1, 'rpiCameraSharpness': 1, 'rpiCameraExposure': 'normal', 'rpiCameraAWB': 'auto', 'rpiCameraAWBGains': [0, 0], 'rpiCameraDenoise': 'off', 'rpiCameraShutter': 0, 'rpiCameraMetering': 'centre', 'rpiCameraGain': 0, 'rpiCameraEV': 0, 'rpiCameraROI': '', 'rpiCameraHDR': False, 'rpiCameraTuningFile': '', 'rpiCameraMode': '', 'rpiCameraFPS': 30, 'rpiCameraAfMode': 'continuous', 'rpiCameraAfRange': 'normal', 'rpiCameraAfSpeed': 'normal', 'rpiCameraLensPosition': 0, 'rpiCameraAfWindow': '', 'rpiCameraFlickerPeriod': 0, 'rpiCameraTextOverlayEnable': False, 'rpiCameraTextOverlay': '%Y-%m-%d %H:%M:%S - MediaMTX', 'rpiCameraCodec': 'auto', 'rpiCameraIDRPeriod': 60, 'rpiCameraBitrate': 5000000, 'rpiCameraHardwareH264Profile': 'main', 'rpiCameraHardwareH264Level': '4.1', 'rpiCameraSoftwareH264Profile': 'baseline', 'rpiCameraSoftwareH264Level': '4.1', 'rpiCameraMJPEGQuality': 60, 'runOnInit': '', 'runOnInitRestart': False, 'runOnDemand': '', 'runOnDemandRestart': False, 'runOnDemandStartTimeout': '10s', 'runOnDemandCloseAfter': '10s', 'runOnUnDemand': '', 'runOnReady': '', 'runOnReadyRestart': False, 'runOnNotReady': '', 'runOnRead': '', 'runOnReadRestart': False, 'runOnUnread': '', 'runOnRecordSegmentCreate': '', 'runOnRecordSegmentComplete': ''}
2025-10-04 11:42:34,444 - INFO - === END DEBUG ===
2025-10-04 11:42:34,444 - INFO - Found paths in 'items' key
2025-10-04 11:42:34,444 - INFO - Converted 4 paths from items
2025-10-04 11:42:34,444 - INFO - Extracted 4 paths:
2025-10-04 11:42:34,444 - INFO -   - all_others: publisher
2025-10-04 11:42:34,444 - INFO -   - cam1: rtsp://admin:N0vin-123PNR@192.168.50.27
2025-10-04 11:42:34,444 - INFO -   - cam2: rtsp://admin:N0vin-123PNR@192.168.50.27
2025-10-04 11:42:34,444 - INFO -   - camera1: rtsp://admin:N0vin-123PNR@192.168.50.26
2025-10-04 11:42:34,444 - INFO - Processing 4 paths
2025-10-04 11:42:34,444 - INFO - Successfully read config file: ./mediamtx.yml
2025-10-04 11:42:34,444 - INFO - Found 'paths:' at line 115
2025-10-04 11:42:34,444 - INFO - Found 'all_others:' at line 122
2025-10-04 11:42:34,444 - INFO - Added path: cam1 -> rtsp://admin:N0vin-123PNR@192.168.50.27
2025-10-04 11:42:34,444 - INFO - Added path: cam2 -> rtsp://admin:N0vin-123PNR@192.168.50.27
2025-10-04 11:42:34,444 - INFO - Added path: camera1 -> rtsp://admin:N0vin-123PNR@192.168.50.26
2025-10-04 11:42:34,444 - INFO - Successfully updated config file with 3 paths
2025-10-04 11:42:34,444 - INFO - Update completed successfully
2025-10-04 11:42:34,444 - INFO - Waiting 60 seconds until next update...
2025-10-04 11:43:34,445 - INFO - === Update iteration 14 ===
2025-10-04 11:43:34,445 - INFO - Attempting to connect to http://localhost:9997/v3/config/paths/list
2025-10-04 11:43:34,446 - INFO - Response status code: 200
2025-10-04 11:43:34,447 - INFO - Successfully parsed JSON response
2025-10-04 11:43:34,447 - INFO - === DEBUG: Response Structure ===
2025-10-04 11:43:34,447 - INFO - Type of config_data: <class 'dict'>
2025-10-04 11:43:34,447 - INFO - Keys in config_data: ['itemCount', 'pageCount', 'items']
2025-10-04 11:43:34,447 - INFO - 'items' key found with 4 items
2025-10-04 11:43:34,447 - INFO - First item in 'items': {'name': 'all_others', 'source': 'publisher', 'sourceFingerprint': '', 'sourceOnDemand': False, 'sourceOnDemandStartTimeout': '10s', 'sourceOnDemandCloseAfter': '10s', 'maxReaders': 0, 'srtReadPassphrase': '', 'fallback': '', 'useAbsoluteTimestamp': False, 'record': False, 'recordPath': '/recordings/%path/%Y-%m-%d_%H-%M-%S-%f', 'recordFormat': 'fmp4', 'recordPartDuration': '1s', 'recordMaxPartSize': '50M', 'recordSegmentDuration': '1h0m0s', 'recordDeleteAfter': '1d', 'overridePublisher': True, 'srtPublishPassphrase': '', 'rtspTransport': 'automatic', 'rtspAnyPort': False, 'rtspRangeType': '', 'rtspRangeStart': '', 'rtspUDPReadBufferSize': 0, 'mpegtsUDPReadBufferSize': 0, 'rtpSDP': '', 'rtpUDPReadBufferSize': 0, 'sourceRedirect': '', 'rpiCameraCamID': 0, 'rpiCameraSecondary': False, 'rpiCameraWidth': 1920, 'rpiCameraHeight': 1080, 'rpiCameraHFlip': False, 'rpiCameraVFlip': False, 'rpiCameraBrightness': 0, 'rpiCameraContrast': 1, 'rpiCameraSaturation': 1, 'rpiCameraSharpness': 1, 'rpiCameraExposure': 'normal', 'rpiCameraAWB': 'auto', 'rpiCameraAWBGains': [0, 0], 'rpiCameraDenoise': 'off', 'rpiCameraShutter': 0, 'rpiCameraMetering': 'centre', 'rpiCameraGain': 0, 'rpiCameraEV': 0, 'rpiCameraROI': '', 'rpiCameraHDR': False, 'rpiCameraTuningFile': '', 'rpiCameraMode': '', 'rpiCameraFPS': 30, 'rpiCameraAfMode': 'continuous', 'rpiCameraAfRange': 'normal', 'rpiCameraAfSpeed': 'normal', 'rpiCameraLensPosition': 0, 'rpiCameraAfWindow': '', 'rpiCameraFlickerPeriod': 0, 'rpiCameraTextOverlayEnable': False, 'rpiCameraTextOverlay': '%Y-%m-%d %H:%M:%S - MediaMTX', 'rpiCameraCodec': 'auto', 'rpiCameraIDRPeriod': 60, 'rpiCameraBitrate': 5000000, 'rpiCameraHardwareH264Profile': 'main', 'rpiCameraHardwareH264Level': '4.1', 'rpiCameraSoftwareH264Profile': 'baseline', 'rpiCameraSoftwareH264Level': '4.1', 'rpiCameraMJPEGQuality': 60, 'runOnInit': '', 'runOnInitRestart': False, 'runOnDemand': '', 'runOnDemandRestart': False, 'runOnDemandStartTimeout': '10s', 'runOnDemandCloseAfter': '10s', 'runOnUnDemand': '', 'runOnReady': '', 'runOnReadyRestart': False, 'runOnNotReady': '', 'runOnRead': '', 'runOnReadRestart': False, 'runOnUnread': '', 'runOnRecordSegmentCreate': '', 'runOnRecordSegmentComplete': ''}
2025-10-04 11:43:34,447 - INFO - === END DEBUG ===
2025-10-04 11:43:34,447 - INFO - Found paths in 'items' key
2025-10-04 11:43:34,447 - INFO - Converted 4 paths from items
2025-10-04 11:43:34,447 - INFO - Extracted 4 paths:
2025-10-04 11:43:34,447 - INFO -   - all_others: publisher
2025-10-04 11:43:34,447 - INFO -   - cam1: rtsp://admin:N0vin-123PNR@192.168.50.27
2025-10-04 11:43:34,447 - INFO -   - cam2: rtsp://admin:N0vin-123PNR@192.168.50.27
2025-10-04 11:43:34,447 - INFO -   - camera1: rtsp://admin:N0vin-123PNR@192.168.50.26
2025-10-04 11:43:34,447 - INFO - Processing 4 paths
2025-10-04 11:43:34,447 - INFO - Successfully read config file: ./mediamtx.yml
2025-10-04 11:43:34,447 - INFO - Found 'paths:' at line 115
2025-10-04 11:43:34,447 - INFO - Found 'all_others:' at line 122
2025-10-04 11:43:34,447 - INFO - Added path: cam1 -> rtsp://admin:N0vin-123PNR@192.168.50.27
2025-10-04 11:43:34,447 - INFO - Added path: cam2 -> rtsp://admin:N0vin-123PNR@192.168.50.27
2025-10-04 11:43:34,447 - INFO - Added path: camera1 -> rtsp://admin:N0vin-123PNR@192.168.50.26
2025-10-04 11:43:34,447 - INFO - Successfully updated config file with 3 paths
2025-10-04 11:43:34,447 - INFO - Update completed successfully
2025-10-04 11:43:34,447 - INFO - Waiting 60 seconds until next update...
2025-10-04 11:44:34,447 - INFO - === Update iteration 15 ===
2025-10-04 11:44:34,447 - INFO - Attempting to connect to http://localhost:9997/v3/config/paths/list
2025-10-04 11:44:34,449 - INFO - Response status code: 200
2025-10-04 11:44:34,449 - INFO - Successfully parsed JSON response
2025-10-04 11:44:34,449 - INFO - === DEBUG: Response Structure ===
2025-10-04 11:44:34,449 - INFO - Type of config_data: <class 'dict'>
2025-10-04 11:44:34,449 - INFO - Keys in config_data: ['itemCount', 'pageCount', 'items']
2025-10-04 11:44:34,449 - INFO - 'items' key found with 4 items
2025-10-04 11:44:34,449 - INFO - First item in 'items': {'name': 'all_others', 'source': 'publisher', 'sourceFingerprint': '', 'sourceOnDemand': False, 'sourceOnDemandStartTimeout': '10s', 'sourceOnDemandCloseAfter': '10s', 'maxReaders': 0, 'srtReadPassphrase': '', 'fallback': '', 'useAbsoluteTimestamp': False, 'record': False, 'recordPath': '/recordings/%path/%Y-%m-%d_%H-%M-%S-%f', 'recordFormat': 'fmp4', 'recordPartDuration': '1s', 'recordMaxPartSize': '50M', 'recordSegmentDuration': '1h0m0s', 'recordDeleteAfter': '1d', 'overridePublisher': True, 'srtPublishPassphrase': '', 'rtspTransport': 'automatic', 'rtspAnyPort': False, 'rtspRangeType': '', 'rtspRangeStart': '', 'rtspUDPReadBufferSize': 0, 'mpegtsUDPReadBufferSize': 0, 'rtpSDP': '', 'rtpUDPReadBufferSize': 0, 'sourceRedirect': '', 'rpiCameraCamID': 0, 'rpiCameraSecondary': False, 'rpiCameraWidth': 1920, 'rpiCameraHeight': 1080, 'rpiCameraHFlip': False, 'rpiCameraVFlip': False, 'rpiCameraBrightness': 0, 'rpiCameraContrast': 1, 'rpiCameraSaturation': 1, 'rpiCameraSharpness': 1, 'rpiCameraExposure': 'normal', 'rpiCameraAWB': 'auto', 'rpiCameraAWBGains': [0, 0], 'rpiCameraDenoise': 'off', 'rpiCameraShutter': 0, 'rpiCameraMetering': 'centre', 'rpiCameraGain': 0, 'rpiCameraEV': 0, 'rpiCameraROI': '', 'rpiCameraHDR': False, 'rpiCameraTuningFile': '', 'rpiCameraMode': '', 'rpiCameraFPS': 30, 'rpiCameraAfMode': 'continuous', 'rpiCameraAfRange': 'normal', 'rpiCameraAfSpeed': 'normal', 'rpiCameraLensPosition': 0, 'rpiCameraAfWindow': '', 'rpiCameraFlickerPeriod': 0, 'rpiCameraTextOverlayEnable': False, 'rpiCameraTextOverlay': '%Y-%m-%d %H:%M:%S - MediaMTX', 'rpiCameraCodec': 'auto', 'rpiCameraIDRPeriod': 60, 'rpiCameraBitrate': 5000000, 'rpiCameraHardwareH264Profile': 'main', 'rpiCameraHardwareH264Level': '4.1', 'rpiCameraSoftwareH264Profile': 'baseline', 'rpiCameraSoftwareH264Level': '4.1', 'rpiCameraMJPEGQuality': 60, 'runOnInit': '', 'runOnInitRestart': False, 'runOnDemand': '', 'runOnDemandRestart': False, 'runOnDemandStartTimeout': '10s', 'runOnDemandCloseAfter': '10s', 'runOnUnDemand': '', 'runOnReady': '', 'runOnReadyRestart': False, 'runOnNotReady': '', 'runOnRead': '', 'runOnReadRestart': False, 'runOnUnread': '', 'runOnRecordSegmentCreate': '', 'runOnRecordSegmentComplete': ''}
2025-10-04 11:44:34,449 - INFO - === END DEBUG ===
2025-10-04 11:44:34,449 - INFO - Found paths in 'items' key
2025-10-04 11:44:34,449 - INFO - Converted 4 paths from items
2025-10-04 11:44:34,449 - INFO - Extracted 4 paths:
2025-10-04 11:44:34,449 - INFO -   - all_others: publisher
2025-10-04 11:44:34,449 - INFO -   - cam1: rtsp://admin:N0vin-123PNR@192.168.50.27
2025-10-04 11:44:34,449 - INFO -   - cam2: rtsp://admin:N0vin-123PNR@192.168.50.27
2025-10-04 11:44:34,449 - INFO -   - camera1: rtsp://admin:N0vin-123PNR@192.168.50.26
2025-10-04 11:44:34,449 - INFO - Processing 4 paths
2025-10-04 11:44:34,449 - INFO - Successfully read config file: ./mediamtx.yml
2025-10-04 11:44:34,449 - INFO - Found 'paths:' at line 115
2025-10-04 11:44:34,449 - INFO - Found 'all_others:' at line 122
2025-10-04 11:44:34,449 - INFO - Added path: cam1 -> rtsp://admin:N0vin-123PNR@192.168.50.27
2025-10-04 11:44:34,449 - INFO - Added path: cam2 -> rtsp://admin:N0vin-123PNR@192.168.50.27
2025-10-04 11:44:34,449 - INFO - Added path: camera1 -> rtsp://admin:N0vin-123PNR@192.168.50.26
2025-10-04 11:44:34,449 - INFO - Successfully updated config file with 3 paths
2025-10-04 11:44:34,449 - INFO - Update completed successfully
2025-10-04 11:44:34,449 - INFO - Waiting 60 seconds until next update...
2025-10-04 11:45:34,449 - INFO - === Update iteration 16 ===
2025-10-04 11:45:34,449 - INFO - Attempting to connect to http://localhost:9997/v3/config/paths/list
2025-10-04 11:45:34,451 - INFO - Response status code: 200
2025-10-04 11:45:34,451 - INFO - Successfully parsed JSON response
2025-10-04 11:45:34,451 - INFO - === DEBUG: Response Structure ===
2025-10-04 11:45:34,451 - INFO - Type of config_data: <class 'dict'>
2025-10-04 11:45:34,451 - INFO - Keys in config_data: ['itemCount', 'pageCount', 'items']
2025-10-04 11:45:34,451 - INFO - 'items' key found with 4 items
2025-10-04 11:45:34,451 - INFO - First item in 'items': {'name': 'all_others', 'source': 'publisher', 'sourceFingerprint': '', 'sourceOnDemand': False, 'sourceOnDemandStartTimeout': '10s', 'sourceOnDemandCloseAfter': '10s', 'maxReaders': 0, 'srtReadPassphrase': '', 'fallback': '', 'useAbsoluteTimestamp': False, 'record': False, 'recordPath': '/recordings/%path/%Y-%m-%d_%H-%M-%S-%f', 'recordFormat': 'fmp4', 'recordPartDuration': '1s', 'recordMaxPartSize': '50M', 'recordSegmentDuration': '1h0m0s', 'recordDeleteAfter': '1d', 'overridePublisher': True, 'srtPublishPassphrase': '', 'rtspTransport': 'automatic', 'rtspAnyPort': False, 'rtspRangeType': '', 'rtspRangeStart': '', 'rtspUDPReadBufferSize': 0, 'mpegtsUDPReadBufferSize': 0, 'rtpSDP': '', 'rtpUDPReadBufferSize': 0, 'sourceRedirect': '', 'rpiCameraCamID': 0, 'rpiCameraSecondary': False, 'rpiCameraWidth': 1920, 'rpiCameraHeight': 1080, 'rpiCameraHFlip': False, 'rpiCameraVFlip': False, 'rpiCameraBrightness': 0, 'rpiCameraContrast': 1, 'rpiCameraSaturation': 1, 'rpiCameraSharpness': 1, 'rpiCameraExposure': 'normal', 'rpiCameraAWB': 'auto', 'rpiCameraAWBGains': [0, 0], 'rpiCameraDenoise': 'off', 'rpiCameraShutter': 0, 'rpiCameraMetering': 'centre', 'rpiCameraGain': 0, 'rpiCameraEV': 0, 'rpiCameraROI': '', 'rpiCameraHDR': False, 'rpiCameraTuningFile': '', 'rpiCameraMode': '', 'rpiCameraFPS': 30, 'rpiCameraAfMode': 'continuous', 'rpiCameraAfRange': 'normal', 'rpiCameraAfSpeed': 'normal', 'rpiCameraLensPosition': 0, 'rpiCameraAfWindow': '', 'rpiCameraFlickerPeriod': 0, 'rpiCameraTextOverlayEnable': False, 'rpiCameraTextOverlay': '%Y-%m-%d %H:%M:%S - MediaMTX', 'rpiCameraCodec': 'auto', 'rpiCameraIDRPeriod': 60, 'rpiCameraBitrate': 5000000, 'rpiCameraHardwareH264Profile': 'main', 'rpiCameraHardwareH264Level': '4.1', 'rpiCameraSoftwareH264Profile': 'baseline', 'rpiCameraSoftwareH264Level': '4.1', 'rpiCameraMJPEGQuality': 60, 'runOnInit': '', 'runOnInitRestart': False, 'runOnDemand': '', 'runOnDemandRestart': False, 'runOnDemandStartTimeout': '10s', 'runOnDemandCloseAfter': '10s', 'runOnUnDemand': '', 'runOnReady': '', 'runOnReadyRestart': False, 'runOnNotReady': '', 'runOnRead': '', 'runOnReadRestart': False, 'runOnUnread': '', 'runOnRecordSegmentCreate': '', 'runOnRecordSegmentComplete': ''}
2025-10-04 11:45:34,451 - INFO - === END DEBUG ===
2025-10-04 11:45:34,451 - INFO - Found paths in 'items' key
2025-10-04 11:45:34,451 - INFO - Converted 4 paths from items
2025-10-04 11:45:34,451 - INFO - Extracted 4 paths:
2025-10-04 11:45:34,451 - INFO -   - all_others: publisher
2025-10-04 11:45:34,451 - INFO -   - cam1: rtsp://admin:N0vin-123PNR@192.168.50.27
2025-10-04 11:45:34,451 - INFO -   - cam2: rtsp://admin:N0vin-123PNR@192.168.50.27
2025-10-04 11:45:34,451 - INFO -   - camera1: rtsp://admin:N0vin-123PNR@192.168.50.26
2025-10-04 11:45:34,451 - INFO - Processing 4 paths
2025-10-04 11:45:34,452 - INFO - Successfully read config file: ./mediamtx.yml
2025-10-04 11:45:34,452 - INFO - Found 'paths:' at line 115
2025-10-04 11:45:34,452 - INFO - Found 'all_others:' at line 122
2025-10-04 11:45:34,452 - INFO - Added path: cam1 -> rtsp://admin:N0vin-123PNR@192.168.50.27
2025-10-04 11:45:34,452 - INFO - Added path: cam2 -> rtsp://admin:N0vin-123PNR@192.168.50.27
2025-10-04 11:45:34,452 - INFO - Added path: camera1 -> rtsp://admin:N0vin-123PNR@192.168.50.26
2025-10-04 11:45:34,452 - INFO - Successfully updated config file with 3 paths
2025-10-04 11:45:34,452 - INFO - Update completed successfully
2025-10-04 11:45:34,452 - INFO - Waiting 60 seconds until next update...
2025-10-04 11:46:34,452 - INFO - === Update iteration 17 ===
2025-10-04 11:46:34,452 - INFO - Attempting to connect to http://localhost:9997/v3/config/paths/list
2025-10-04 11:46:34,453 - INFO - Response status code: 200
2025-10-04 11:46:34,454 - INFO - Successfully parsed JSON response
2025-10-04 11:46:34,454 - INFO - === DEBUG: Response Structure ===
2025-10-04 11:46:34,454 - INFO - Type of config_data: <class 'dict'>
2025-10-04 11:46:34,454 - INFO - Keys in config_data: ['itemCount', 'pageCount', 'items']
2025-10-04 11:46:34,454 - INFO - 'items' key found with 4 items
2025-10-04 11:46:34,454 - INFO - First item in 'items': {'name': 'all_others', 'source': 'publisher', 'sourceFingerprint': '', 'sourceOnDemand': False, 'sourceOnDemandStartTimeout': '10s', 'sourceOnDemandCloseAfter': '10s', 'maxReaders': 0, 'srtReadPassphrase': '', 'fallback': '', 'useAbsoluteTimestamp': False, 'record': False, 'recordPath': '/recordings/%path/%Y-%m-%d_%H-%M-%S-%f', 'recordFormat': 'fmp4', 'recordPartDuration': '1s', 'recordMaxPartSize': '50M', 'recordSegmentDuration': '1h0m0s', 'recordDeleteAfter': '1d', 'overridePublisher': True, 'srtPublishPassphrase': '', 'rtspTransport': 'automatic', 'rtspAnyPort': False, 'rtspRangeType': '', 'rtspRangeStart': '', 'rtspUDPReadBufferSize': 0, 'mpegtsUDPReadBufferSize': 0, 'rtpSDP': '', 'rtpUDPReadBufferSize': 0, 'sourceRedirect': '', 'rpiCameraCamID': 0, 'rpiCameraSecondary': False, 'rpiCameraWidth': 1920, 'rpiCameraHeight': 1080, 'rpiCameraHFlip': False, 'rpiCameraVFlip': False, 'rpiCameraBrightness': 0, 'rpiCameraContrast': 1, 'rpiCameraSaturation': 1, 'rpiCameraSharpness': 1, 'rpiCameraExposure': 'normal', 'rpiCameraAWB': 'auto', 'rpiCameraAWBGains': [0, 0], 'rpiCameraDenoise': 'off', 'rpiCameraShutter': 0, 'rpiCameraMetering': 'centre', 'rpiCameraGain': 0, 'rpiCameraEV': 0, 'rpiCameraROI': '', 'rpiCameraHDR': False, 'rpiCameraTuningFile': '', 'rpiCameraMode': '', 'rpiCameraFPS': 30, 'rpiCameraAfMode': 'continuous', 'rpiCameraAfRange': 'normal', 'rpiCameraAfSpeed': 'normal', 'rpiCameraLensPosition': 0, 'rpiCameraAfWindow': '', 'rpiCameraFlickerPeriod': 0, 'rpiCameraTextOverlayEnable': False, 'rpiCameraTextOverlay': '%Y-%m-%d %H:%M:%S - MediaMTX', 'rpiCameraCodec': 'auto', 'rpiCameraIDRPeriod': 60, 'rpiCameraBitrate': 5000000, 'rpiCameraHardwareH264Profile': 'main', 'rpiCameraHardwareH264Level': '4.1', 'rpiCameraSoftwareH264Profile': 'baseline', 'rpiCameraSoftwareH264Level': '4.1', 'rpiCameraMJPEGQuality': 60, 'runOnInit': '', 'runOnInitRestart': False, 'runOnDemand': '', 'runOnDemandRestart': False, 'runOnDemandStartTimeout': '10s', 'runOnDemandCloseAfter': '10s', 'runOnUnDemand': '', 'runOnReady': '', 'runOnReadyRestart': False, 'runOnNotReady': '', 'runOnRead': '', 'runOnReadRestart': False, 'runOnUnread': '', 'runOnRecordSegmentCreate': '', 'runOnRecordSegmentComplete': ''}
2025-10-04 11:46:34,454 - INFO - === END DEBUG ===
2025-10-04 11:46:34,454 - INFO - Found paths in 'items' key
2025-10-04 11:46:34,454 - INFO - Converted 4 paths from items
2025-10-04 11:46:34,454 - INFO - Extracted 4 paths:
2025-10-04 11:46:34,454 - INFO -   - all_others: publisher
2025-10-04 11:46:34,454 - INFO -   - cam1: rtsp://admin:N0vin-123PNR@192.168.50.27
2025-10-04 11:46:34,454 - INFO -   - cam2: rtsp://admin:N0vin-123PNR@192.168.50.27
2025-10-04 11:46:34,454 - INFO -   - camera1: rtsp://admin:N0vin-123PNR@192.168.50.26
2025-10-04 11:46:34,454 - INFO - Processing 4 paths
2025-10-04 11:46:34,454 - INFO - Successfully read config file: ./mediamtx.yml
2025-10-04 11:46:34,454 - INFO - Found 'paths:' at line 115
2025-10-04 11:46:34,454 - INFO - Found 'all_others:' at line 122
2025-10-04 11:46:34,454 - INFO - Added path: cam1 -> rtsp://admin:N0vin-123PNR@192.168.50.27
2025-10-04 11:46:34,454 - INFO - Added path: cam2 -> rtsp://admin:N0vin-123PNR@192.168.50.27
2025-10-04 11:46:34,454 - INFO - Added path: camera1 -> rtsp://admin:N0vin-123PNR@192.168.50.26
2025-10-04 11:46:34,454 - INFO - Successfully updated config file with 3 paths
2025-10-04 11:46:34,454 - INFO - Update completed successfully
2025-10-04 11:46:34,454 - INFO - Waiting 60 seconds until next update...
2025-10-04 11:47:34,454 - INFO - === Update iteration 18 ===
2025-10-04 11:47:34,454 - INFO - Attempting to connect to http://localhost:9997/v3/config/paths/list
2025-10-04 11:47:34,455 - ERROR - Connection error: HTTPConnectionPool(host='localhost', port=9997): Max retries exceeded with url: /v3/config/paths/list (Caused by NewConnectionError('<urllib3.connection.HTTPConnection object at 0x7fb1f6bc8270>: Failed to establish a new connection: [Errno 111] Connection refused'))
2025-10-04 11:47:34,456 - ERROR - Make sure MediaMTX is running and API is enabled on port 9997
2025-10-04 11:47:34,456 - ERROR - No configuration data received from MediaMTX
2025-10-04 11:47:34,456 - ERROR - Update failed
2025-10-04 11:47:34,456 - INFO - Waiting 60 seconds until next update...
2025-10-04 11:48:34,456 - INFO - === Update iteration 19 ===
2025-10-04 11:48:34,456 - INFO - Attempting to connect to http://localhost:9997/v3/config/paths/list
2025-10-04 11:48:34,457 - ERROR - Connection error: HTTPConnectionPool(host='localhost', port=9997): Max retries exceeded with url: /v3/config/paths/list (Caused by NewConnectionError('<urllib3.connection.HTTPConnection object at 0x7fb1f6bc89e0>: Failed to establish a new connection: [Errno 111] Connection refused'))
2025-10-04 11:48:34,457 - ERROR - Make sure MediaMTX is running and API is enabled on port 9997
2025-10-04 11:48:34,457 - ERROR - No configuration data received from MediaMTX
2025-10-04 11:48:34,457 - ERROR - Update failed
2025-10-04 11:48:34,457 - INFO - Waiting 60 seconds until next update...
2025-10-04 11:49:34,457 - INFO - === Update iteration 20 ===
2025-10-04 11:49:34,457 - INFO - Attempting to connect to http://localhost:9997/v3/config/paths/list
2025-10-04 11:49:34,458 - ERROR - Connection error: HTTPConnectionPool(host='localhost', port=9997): Max retries exceeded with url: /v3/config/paths/list (Caused by NewConnectionError('<urllib3.connection.HTTPConnection object at 0x7fb1f6bc9260>: Failed to establish a new connection: [Errno 111] Connection refused'))
2025-10-04 11:49:34,458 - ERROR - Make sure MediaMTX is running and API is enabled on port 9997
2025-10-04 11:49:34,458 - ERROR - No configuration data received from MediaMTX
2025-10-04 11:49:34,458 - ERROR - Update failed
2025-10-04 11:49:34,458 - INFO - Waiting 60 seconds until next update...
2025-10-04 11:50:34,459 - INFO - === Update iteration 21 ===
2025-10-04 11:50:34,459 - INFO - Attempting to connect to http://localhost:9997/v3/config/paths/list
2025-10-04 11:50:34,460 - INFO - Response status code: 200
2025-10-04 11:50:34,460 - INFO - Successfully parsed JSON response
2025-10-04 11:50:34,460 - INFO - === DEBUG: Response Structure ===
2025-10-04 11:50:34,460 - INFO - Type of config_data: <class 'dict'>
2025-10-04 11:50:34,460 - INFO - Keys in config_data: ['itemCount', 'pageCount', 'items']
2025-10-04 11:50:34,460 - INFO - 'items' key found with 4 items
2025-10-04 11:50:34,460 - INFO - First item in 'items': {'name': 'all_others', 'source': 'publisher', 'sourceFingerprint': '', 'sourceOnDemand': False, 'sourceOnDemandStartTimeout': '10s', 'sourceOnDemandCloseAfter': '10s', 'maxReaders': 0, 'srtReadPassphrase': '', 'fallback': '', 'useAbsoluteTimestamp': False, 'record': False, 'recordPath': '/recordings/%path/%Y-%m-%d_%H-%M-%S-%f', 'recordFormat': 'fmp4', 'recordPartDuration': '1s', 'recordMaxPartSize': '50M', 'recordSegmentDuration': '1h0m0s', 'recordDeleteAfter': '1d', 'overridePublisher': True, 'srtPublishPassphrase': '', 'rtspTransport': 'automatic', 'rtspAnyPort': False, 'rtspRangeType': '', 'rtspRangeStart': '', 'rtspUDPReadBufferSize': 0, 'mpegtsUDPReadBufferSize': 0, 'rtpSDP': '', 'rtpUDPReadBufferSize': 0, 'sourceRedirect': '', 'rpiCameraCamID': 0, 'rpiCameraSecondary': False, 'rpiCameraWidth': 1920, 'rpiCameraHeight': 1080, 'rpiCameraHFlip': False, 'rpiCameraVFlip': False, 'rpiCameraBrightness': 0, 'rpiCameraContrast': 1, 'rpiCameraSaturation': 1, 'rpiCameraSharpness': 1, 'rpiCameraExposure': 'normal', 'rpiCameraAWB': 'auto', 'rpiCameraAWBGains': [0, 0], 'rpiCameraDenoise': 'off', 'rpiCameraShutter': 0, 'rpiCameraMetering': 'centre', 'rpiCameraGain': 0, 'rpiCameraEV': 0, 'rpiCameraROI': '', 'rpiCameraHDR': False, 'rpiCameraTuningFile': '', 'rpiCameraMode': '', 'rpiCameraFPS': 30, 'rpiCameraAfMode': 'continuous', 'rpiCameraAfRange': 'normal', 'rpiCameraAfSpeed': 'normal', 'rpiCameraLensPosition': 0, 'rpiCameraAfWindow': '', 'rpiCameraFlickerPeriod': 0, 'rpiCameraTextOverlayEnable': False, 'rpiCameraTextOverlay': '%Y-%m-%d %H:%M:%S - MediaMTX', 'rpiCameraCodec': 'auto', 'rpiCameraIDRPeriod': 60, 'rpiCameraBitrate': 5000000, 'rpiCameraHardwareH264Profile': 'main', 'rpiCameraHardwareH264Level': '4.1', 'rpiCameraSoftwareH264Profile': 'baseline', 'rpiCameraSoftwareH264Level': '4.1', 'rpiCameraMJPEGQuality': 60, 'runOnInit': '', 'runOnInitRestart': False, 'runOnDemand': '', 'runOnDemandRestart': False, 'runOnDemandStartTimeout': '10s', 'runOnDemandCloseAfter': '10s', 'runOnUnDemand': '', 'runOnReady': '', 'runOnReadyRestart': False, 'runOnNotReady': '', 'runOnRead': '', 'runOnReadRestart': False, 'runOnUnread': '', 'runOnRecordSegmentCreate': '', 'runOnRecordSegmentComplete': ''}
2025-10-04 11:50:34,460 - INFO - === END DEBUG ===
2025-10-04 11:50:34,460 - INFO - Found paths in 'items' key
2025-10-04 11:50:34,460 - INFO - Converted 4 paths from items
2025-10-04 11:50:34,460 - INFO - Extracted 4 paths:
2025-10-04 11:50:34,460 - INFO -   - all_others: publisher
2025-10-04 11:50:34,460 - INFO -   - cam1: rtsp://admin:N0vin-123PNR@192.168.50.27
2025-10-04 11:50:34,460 - INFO -   - cam2: rtsp://admin:N0vin-123PNR@192.168.50.27
2025-10-04 11:50:34,460 - INFO -   - camera1: rtsp://admin:N0vin-123PNR@192.168.50.26
2025-10-04 11:50:34,460 - INFO - Processing 4 paths
2025-10-04 11:50:34,460 - INFO - Successfully read config file: ./mediamtx.yml
2025-10-04 11:50:34,460 - INFO - Found 'paths:' at line 115
2025-10-04 11:50:34,460 - INFO - Found 'all_others:' at line 122
2025-10-04 11:50:34,460 - INFO - Added path: cam1 -> rtsp://admin:N0vin-123PNR@192.168.50.27
2025-10-04 11:50:34,460 - INFO - Added path: cam2 -> rtsp://admin:N0vin-123PNR@192.168.50.27
2025-10-04 11:50:34,460 - INFO - Added path: camera1 -> rtsp://admin:N0vin-123PNR@192.168.50.26
2025-10-04 11:50:34,461 - INFO - Successfully updated config file with 3 paths
2025-10-04 11:50:34,461 - INFO - Update completed successfully
2025-10-04 11:50:34,461 - INFO - Waiting 60 seconds until next update...
2025-10-04 11:51:34,461 - INFO - === Update iteration 22 ===
2025-10-04 11:51:34,461 - INFO - Attempting to connect to http://localhost:9997/v3/config/paths/list
2025-10-04 11:51:34,462 - INFO - Response status code: 200
2025-10-04 11:51:34,462 - INFO - Successfully parsed JSON response
2025-10-04 11:51:34,462 - INFO - === DEBUG: Response Structure ===
2025-10-04 11:51:34,462 - INFO - Type of config_data: <class 'dict'>
2025-10-04 11:51:34,462 - INFO - Keys in config_data: ['itemCount', 'pageCount', 'items']
2025-10-04 11:51:34,462 - INFO - 'items' key found with 5 items
2025-10-04 11:51:34,462 - INFO - First item in 'items': {'name': 'all_others', 'source': 'publisher', 'sourceFingerprint': '', 'sourceOnDemand': False, 'sourceOnDemandStartTimeout': '10s', 'sourceOnDemandCloseAfter': '10s', 'maxReaders': 0, 'srtReadPassphrase': '', 'fallback': '', 'useAbsoluteTimestamp': False, 'record': False, 'recordPath': '/recordings/%path/%Y-%m-%d_%H-%M-%S-%f', 'recordFormat': 'fmp4', 'recordPartDuration': '1s', 'recordMaxPartSize': '50M', 'recordSegmentDuration': '1h0m0s', 'recordDeleteAfter': '1d', 'overridePublisher': True, 'srtPublishPassphrase': '', 'rtspTransport': 'automatic', 'rtspAnyPort': False, 'rtspRangeType': '', 'rtspRangeStart': '', 'rtspUDPReadBufferSize': 0, 'mpegtsUDPReadBufferSize': 0, 'rtpSDP': '', 'rtpUDPReadBufferSize': 0, 'sourceRedirect': '', 'rpiCameraCamID': 0, 'rpiCameraSecondary': False, 'rpiCameraWidth': 1920, 'rpiCameraHeight': 1080, 'rpiCameraHFlip': False, 'rpiCameraVFlip': False, 'rpiCameraBrightness': 0, 'rpiCameraContrast': 1, 'rpiCameraSaturation': 1, 'rpiCameraSharpness': 1, 'rpiCameraExposure': 'normal', 'rpiCameraAWB': 'auto', 'rpiCameraAWBGains': [0, 0], 'rpiCameraDenoise': 'off', 'rpiCameraShutter': 0, 'rpiCameraMetering': 'centre', 'rpiCameraGain': 0, 'rpiCameraEV': 0, 'rpiCameraROI': '', 'rpiCameraHDR': False, 'rpiCameraTuningFile': '', 'rpiCameraMode': '', 'rpiCameraFPS': 30, 'rpiCameraAfMode': 'continuous', 'rpiCameraAfRange': 'normal', 'rpiCameraAfSpeed': 'normal', 'rpiCameraLensPosition': 0, 'rpiCameraAfWindow': '', 'rpiCameraFlickerPeriod': 0, 'rpiCameraTextOverlayEnable': False, 'rpiCameraTextOverlay': '%Y-%m-%d %H:%M:%S - MediaMTX', 'rpiCameraCodec': 'auto', 'rpiCameraIDRPeriod': 60, 'rpiCameraBitrate': 5000000, 'rpiCameraHardwareH264Profile': 'main', 'rpiCameraHardwareH264Level': '4.1', 'rpiCameraSoftwareH264Profile': 'baseline', 'rpiCameraSoftwareH264Level': '4.1', 'rpiCameraMJPEGQuality': 60, 'runOnInit': '', 'runOnInitRestart': False, 'runOnDemand': '', 'runOnDemandRestart': False, 'runOnDemandStartTimeout': '10s', 'runOnDemandCloseAfter': '10s', 'runOnUnDemand': '', 'runOnReady': '', 'runOnReadyRestart': False, 'runOnNotReady': '', 'runOnRead': '', 'runOnReadRestart': False, 'runOnUnread': '', 'runOnRecordSegmentCreate': '', 'runOnRecordSegmentComplete': ''}
2025-10-04 11:51:34,462 - INFO - === END DEBUG ===
2025-10-04 11:51:34,463 - INFO - Found paths in 'items' key
2025-10-04 11:51:34,463 - INFO - Converted 5 paths from items
2025-10-04 11:51:34,463 - INFO - Extracted 5 paths:
2025-10-04 11:51:34,463 - INFO -   - all_others: publisher
2025-10-04 11:51:34,463 - INFO -   - cam1: rtsp://admin:N0vin-123PNR@192.168.50.27
2025-10-04 11:51:34,463 - INFO -   - cam2: rtsp://admin:N0vin-123PNR@192.168.50.27
2025-10-04 11:51:34,463 - INFO -   - camera1: rtsp://admin:N0vin-123PNR@192.168.50.26
2025-10-04 11:51:34,463 - INFO -   - camera3: rtsp://admin:N0vin-123PNR@192.168.50.27
2025-10-04 11:51:34,463 - INFO - Processing 5 paths
2025-10-04 11:51:34,463 - INFO - Successfully read config file: ./mediamtx.yml
2025-10-04 11:51:34,463 - INFO - Found 'paths:' at line 115
2025-10-04 11:51:34,463 - INFO - Found 'all_others:' at line 122
2025-10-04 11:51:34,463 - INFO - Added path: cam1 -> rtsp://admin:N0vin-123PNR@192.168.50.27
2025-10-04 11:51:34,463 - INFO - Added path: cam2 -> rtsp://admin:N0vin-123PNR@192.168.50.27
2025-10-04 11:51:34,463 - INFO - Added path: camera1 -> rtsp://admin:N0vin-123PNR@192.168.50.26
2025-10-04 11:51:34,463 - INFO - Added path: camera3 -> rtsp://admin:N0vin-123PNR@192.168.50.27
2025-10-04 11:51:34,463 - INFO - Successfully updated config file with 4 paths
2025-10-04 11:51:34,463 - INFO - Update completed successfully
2025-10-04 11:51:34,463 - INFO - Waiting 60 seconds until next update...
2025-10-04 11:52:34,463 - INFO - === Update iteration 23 ===
2025-10-04 11:52:34,463 - INFO - Attempting to connect to http://localhost:9997/v3/config/paths/list
2025-10-04 11:52:34,465 - INFO - Response status code: 200
2025-10-04 11:52:34,465 - INFO - Successfully parsed JSON response
2025-10-04 11:52:34,465 - INFO - === DEBUG: Response Structure ===
2025-10-04 11:52:34,465 - INFO - Type of config_data: <class 'dict'>
2025-10-04 11:52:34,465 - INFO - Keys in config_data: ['itemCount', 'pageCount', 'items']
2025-10-04 11:52:34,465 - INFO - 'items' key found with 4 items
2025-10-04 11:52:34,465 - INFO - First item in 'items': {'name': 'all_others', 'source': 'publisher', 'sourceFingerprint': '', 'sourceOnDemand': False, 'sourceOnDemandStartTimeout': '10s', 'sourceOnDemandCloseAfter': '10s', 'maxReaders': 0, 'srtReadPassphrase': '', 'fallback': '', 'useAbsoluteTimestamp': False, 'record': False, 'recordPath': '/recordings/%path/%Y-%m-%d_%H-%M-%S-%f', 'recordFormat': 'fmp4', 'recordPartDuration': '1s', 'recordMaxPartSize': '50M', 'recordSegmentDuration': '1h0m0s', 'recordDeleteAfter': '1d', 'overridePublisher': True, 'srtPublishPassphrase': '', 'rtspTransport': 'automatic', 'rtspAnyPort': False, 'rtspRangeType': '', 'rtspRangeStart': '', 'rtspUDPReadBufferSize': 0, 'mpegtsUDPReadBufferSize': 0, 'rtpSDP': '', 'rtpUDPReadBufferSize': 0, 'sourceRedirect': '', 'rpiCameraCamID': 0, 'rpiCameraSecondary': False, 'rpiCameraWidth': 1920, 'rpiCameraHeight': 1080, 'rpiCameraHFlip': False, 'rpiCameraVFlip': False, 'rpiCameraBrightness': 0, 'rpiCameraContrast': 1, 'rpiCameraSaturation': 1, 'rpiCameraSharpness': 1, 'rpiCameraExposure': 'normal', 'rpiCameraAWB': 'auto', 'rpiCameraAWBGains': [0, 0], 'rpiCameraDenoise': 'off', 'rpiCameraShutter': 0, 'rpiCameraMetering': 'centre', 'rpiCameraGain': 0, 'rpiCameraEV': 0, 'rpiCameraROI': '', 'rpiCameraHDR': False, 'rpiCameraTuningFile': '', 'rpiCameraMode': '', 'rpiCameraFPS': 30, 'rpiCameraAfMode': 'continuous', 'rpiCameraAfRange': 'normal', 'rpiCameraAfSpeed': 'normal', 'rpiCameraLensPosition': 0, 'rpiCameraAfWindow': '', 'rpiCameraFlickerPeriod': 0, 'rpiCameraTextOverlayEnable': False, 'rpiCameraTextOverlay': '%Y-%m-%d %H:%M:%S - MediaMTX', 'rpiCameraCodec': 'auto', 'rpiCameraIDRPeriod': 60, 'rpiCameraBitrate': 5000000, 'rpiCameraHardwareH264Profile': 'main', 'rpiCameraHardwareH264Level': '4.1', 'rpiCameraSoftwareH264Profile': 'baseline', 'rpiCameraSoftwareH264Level': '4.1', 'rpiCameraMJPEGQuality': 60, 'runOnInit': '', 'runOnInitRestart': False, 'runOnDemand': '', 'runOnDemandRestart': False, 'runOnDemandStartTimeout': '10s', 'runOnDemandCloseAfter': '10s', 'runOnUnDemand': '', 'runOnReady': '', 'runOnReadyRestart': False, 'runOnNotReady': '', 'runOnRead': '', 'runOnReadRestart': False, 'runOnUnread': '', 'runOnRecordSegmentCreate': '', 'runOnRecordSegmentComplete': ''}
2025-10-04 11:52:34,465 - INFO - === END DEBUG ===
2025-10-04 11:52:34,465 - INFO - Found paths in 'items' key
2025-10-04 11:52:34,465 - INFO - Converted 4 paths from items
2025-10-04 11:52:34,465 - INFO - Extracted 4 paths:
2025-10-04 11:52:34,465 - INFO -   - all_others: publisher
2025-10-04 11:52:34,465 - INFO -   - cam1: rtsp://admin:N0vin-123PNR@192.168.50.27
2025-10-04 11:52:34,465 - INFO -   - cam2: rtsp://admin:N0vin-123PNR@192.168.50.27
2025-10-04 11:52:34,465 - INFO -   - camera3: rtsp://admin:N0vin-123PNR@192.168.50.27
2025-10-04 11:52:34,465 - INFO - Processing 4 paths
2025-10-04 11:52:34,466 - INFO - Successfully read config file: ./mediamtx.yml
2025-10-04 11:52:34,466 - INFO - Found 'paths:' at line 115
2025-10-04 11:52:34,466 - INFO - Found 'all_others:' at line 124
2025-10-04 11:52:34,466 - INFO - Added path: cam1 -> rtsp://admin:N0vin-123PNR@192.168.50.27
2025-10-04 11:52:34,466 - INFO - Added path: cam2 -> rtsp://admin:N0vin-123PNR@192.168.50.27
2025-10-04 11:52:34,466 - INFO - Added path: camera3 -> rtsp://admin:N0vin-123PNR@192.168.50.27
2025-10-04 11:52:34,466 - INFO - Successfully updated config file with 3 paths
2025-10-04 11:52:34,466 - INFO - Update completed successfully
2025-10-04 11:52:34,466 - INFO - Waiting 60 seconds until next update...
2025-10-04 11:53:34,466 - INFO - === Update iteration 24 ===
2025-10-04 11:53:34,466 - INFO - Attempting to connect to http://localhost:9997/v3/config/paths/list
2025-10-04 11:53:34,468 - INFO - Response status code: 200
2025-10-04 11:53:34,468 - INFO - Successfully parsed JSON response
2025-10-04 11:53:34,468 - INFO - === DEBUG: Response Structure ===
2025-10-04 11:53:34,468 - INFO - Type of config_data: <class 'dict'>
2025-10-04 11:53:34,468 - INFO - Keys in config_data: ['itemCount', 'pageCount', 'items']
2025-10-04 11:53:34,468 - INFO - 'items' key found with 3 items
2025-10-04 11:53:34,468 - INFO - First item in 'items': {'name': 'all_others', 'source': 'publisher', 'sourceFingerprint': '', 'sourceOnDemand': False, 'sourceOnDemandStartTimeout': '10s', 'sourceOnDemandCloseAfter': '10s', 'maxReaders': 0, 'srtReadPassphrase': '', 'fallback': '', 'useAbsoluteTimestamp': False, 'record': False, 'recordPath': '/recordings/%path/%Y-%m-%d_%H-%M-%S-%f', 'recordFormat': 'fmp4', 'recordPartDuration': '1s', 'recordMaxPartSize': '50M', 'recordSegmentDuration': '1h0m0s', 'recordDeleteAfter': '1d', 'overridePublisher': True, 'srtPublishPassphrase': '', 'rtspTransport': 'automatic', 'rtspAnyPort': False, 'rtspRangeType': '', 'rtspRangeStart': '', 'rtspUDPReadBufferSize': 0, 'mpegtsUDPReadBufferSize': 0, 'rtpSDP': '', 'rtpUDPReadBufferSize': 0, 'sourceRedirect': '', 'rpiCameraCamID': 0, 'rpiCameraSecondary': False, 'rpiCameraWidth': 1920, 'rpiCameraHeight': 1080, 'rpiCameraHFlip': False, 'rpiCameraVFlip': False, 'rpiCameraBrightness': 0, 'rpiCameraContrast': 1, 'rpiCameraSaturation': 1, 'rpiCameraSharpness': 1, 'rpiCameraExposure': 'normal', 'rpiCameraAWB': 'auto', 'rpiCameraAWBGains': [0, 0], 'rpiCameraDenoise': 'off', 'rpiCameraShutter': 0, 'rpiCameraMetering': 'centre', 'rpiCameraGain': 0, 'rpiCameraEV': 0, 'rpiCameraROI': '', 'rpiCameraHDR': False, 'rpiCameraTuningFile': '', 'rpiCameraMode': '', 'rpiCameraFPS': 30, 'rpiCameraAfMode': 'continuous', 'rpiCameraAfRange': 'normal', 'rpiCameraAfSpeed': 'normal', 'rpiCameraLensPosition': 0, 'rpiCameraAfWindow': '', 'rpiCameraFlickerPeriod': 0, 'rpiCameraTextOverlayEnable': False, 'rpiCameraTextOverlay': '%Y-%m-%d %H:%M:%S - MediaMTX', 'rpiCameraCodec': 'auto', 'rpiCameraIDRPeriod': 60, 'rpiCameraBitrate': 5000000, 'rpiCameraHardwareH264Profile': 'main', 'rpiCameraHardwareH264Level': '4.1', 'rpiCameraSoftwareH264Profile': 'baseline', 'rpiCameraSoftwareH264Level': '4.1', 'rpiCameraMJPEGQuality': 60, 'runOnInit': '', 'runOnInitRestart': False, 'runOnDemand': '', 'runOnDemandRestart': False, 'runOnDemandStartTimeout': '10s', 'runOnDemandCloseAfter': '10s', 'runOnUnDemand': '', 'runOnReady': '', 'runOnReadyRestart': False, 'runOnNotReady': '', 'runOnRead': '', 'runOnReadRestart': False, 'runOnUnread': '', 'runOnRecordSegmentCreate': '', 'runOnRecordSegmentComplete': ''}
2025-10-04 11:53:34,468 - INFO - === END DEBUG ===
2025-10-04 11:53:34,468 - INFO - Found paths in 'items' key
2025-10-04 11:53:34,469 - INFO - Converted 3 paths from items
2025-10-04 11:53:34,469 - INFO - Extracted 3 paths:
2025-10-04 11:53:34,469 - INFO -   - all_others: publisher
2025-10-04 11:53:34,469 - INFO -   - cam1: rtsp://admin:N0vin-123PNR@192.168.50.27
2025-10-04 11:53:34,469 - INFO -   - camera3: rtsp://admin:N0vin-123PNR@192.168.50.27
2025-10-04 11:53:34,469 - INFO - Processing 3 paths
2025-10-04 11:53:34,469 - INFO - Successfully read config file: ./mediamtx.yml
2025-10-04 11:53:34,469 - INFO - Found 'paths:' at line 115
2025-10-04 11:53:34,469 - INFO - Found 'all_others:' at line 122
2025-10-04 11:53:34,469 - INFO - Added path: cam1 -> rtsp://admin:N0vin-123PNR@192.168.50.27
2025-10-04 11:53:34,469 - INFO - Added path: camera3 -> rtsp://admin:N0vin-123PNR@192.168.50.27
2025-10-04 11:53:34,469 - INFO - Successfully updated config file with 2 paths
2025-10-04 11:53:34,469 - INFO - Update completed successfully
2025-10-04 11:53:34,469 - INFO - Waiting 60 seconds until next update...
2025-10-04 11:54:34,469 - INFO - === Update iteration 25 ===
2025-10-04 11:54:34,470 - INFO - Attempting to connect to http://localhost:9997/v3/config/paths/list
2025-10-04 11:54:34,471 - INFO - Response status code: 200
2025-10-04 11:54:34,471 - INFO - Successfully parsed JSON response
2025-10-04 11:54:34,472 - INFO - === DEBUG: Response Structure ===
2025-10-04 11:54:34,472 - INFO - Type of config_data: <class 'dict'>
2025-10-04 11:54:34,472 - INFO - Keys in config_data: ['itemCount', 'pageCount', 'items']
2025-10-04 11:54:34,472 - INFO - 'items' key found with 3 items
2025-10-04 11:54:34,472 - INFO - First item in 'items': {'name': 'all_others', 'source': 'publisher', 'sourceFingerprint': '', 'sourceOnDemand': False, 'sourceOnDemandStartTimeout': '10s', 'sourceOnDemandCloseAfter': '10s', 'maxReaders': 0, 'srtReadPassphrase': '', 'fallback': '', 'useAbsoluteTimestamp': False, 'record': False, 'recordPath': '/recordings/%path/%Y-%m-%d_%H-%M-%S-%f', 'recordFormat': 'fmp4', 'recordPartDuration': '1s', 'recordMaxPartSize': '50M', 'recordSegmentDuration': '1h0m0s', 'recordDeleteAfter': '1d', 'overridePublisher': True, 'srtPublishPassphrase': '', 'rtspTransport': 'automatic', 'rtspAnyPort': False, 'rtspRangeType': '', 'rtspRangeStart': '', 'rtspUDPReadBufferSize': 0, 'mpegtsUDPReadBufferSize': 0, 'rtpSDP': '', 'rtpUDPReadBufferSize': 0, 'sourceRedirect': '', 'rpiCameraCamID': 0, 'rpiCameraSecondary': False, 'rpiCameraWidth': 1920, 'rpiCameraHeight': 1080, 'rpiCameraHFlip': False, 'rpiCameraVFlip': False, 'rpiCameraBrightness': 0, 'rpiCameraContrast': 1, 'rpiCameraSaturation': 1, 'rpiCameraSharpness': 1, 'rpiCameraExposure': 'normal', 'rpiCameraAWB': 'auto', 'rpiCameraAWBGains': [0, 0], 'rpiCameraDenoise': 'off', 'rpiCameraShutter': 0, 'rpiCameraMetering': 'centre', 'rpiCameraGain': 0, 'rpiCameraEV': 0, 'rpiCameraROI': '', 'rpiCameraHDR': False, 'rpiCameraTuningFile': '', 'rpiCameraMode': '', 'rpiCameraFPS': 30, 'rpiCameraAfMode': 'continuous', 'rpiCameraAfRange': 'normal', 'rpiCameraAfSpeed': 'normal', 'rpiCameraLensPosition': 0, 'rpiCameraAfWindow': '', 'rpiCameraFlickerPeriod': 0, 'rpiCameraTextOverlayEnable': False, 'rpiCameraTextOverlay': '%Y-%m-%d %H:%M:%S - MediaMTX', 'rpiCameraCodec': 'auto', 'rpiCameraIDRPeriod': 60, 'rpiCameraBitrate': 5000000, 'rpiCameraHardwareH264Profile': 'main', 'rpiCameraHardwareH264Level': '4.1', 'rpiCameraSoftwareH264Profile': 'baseline', 'rpiCameraSoftwareH264Level': '4.1', 'rpiCameraMJPEGQuality': 60, 'runOnInit': '', 'runOnInitRestart': False, 'runOnDemand': '', 'runOnDemandRestart': False, 'runOnDemandStartTimeout': '10s', 'runOnDemandCloseAfter': '10s', 'runOnUnDemand': '', 'runOnReady': '', 'runOnReadyRestart': False, 'runOnNotReady': '', 'runOnRead': '', 'runOnReadRestart': False, 'runOnUnread': '', 'runOnRecordSegmentCreate': '', 'runOnRecordSegmentComplete': ''}
2025-10-04 11:54:34,472 - INFO - === END DEBUG ===
2025-10-04 11:54:34,472 - INFO - Found paths in 'items' key
2025-10-04 11:54:34,472 - INFO - Converted 3 paths from items
2025-10-04 11:54:34,472 - INFO - Extracted 3 paths:
2025-10-04 11:54:34,472 - INFO -   - all_others: publisher
2025-10-04 11:54:34,472 - INFO -   - cam1: rtsp://admin:N0vin-123PNR@192.168.50.27
2025-10-04 11:54:34,472 - INFO -   - camera3: rtsp://admin:N0vin-123PNR@192.168.50.27
2025-10-04 11:54:34,472 - INFO - Processing 3 paths
2025-10-04 11:54:34,472 - INFO - Successfully read config file: ./mediamtx.yml
2025-10-04 11:54:34,472 - INFO - Found 'paths:' at line 115
2025-10-04 11:54:34,472 - INFO - Found 'all_others:' at line 120
2025-10-04 11:54:34,472 - INFO - Added path: cam1 -> rtsp://admin:N0vin-123PNR@192.168.50.27
2025-10-04 11:54:34,472 - INFO - Added path: camera3 -> rtsp://admin:N0vin-123PNR@192.168.50.27
2025-10-04 11:54:34,472 - INFO - Successfully updated config file with 2 paths
2025-10-04 11:54:34,472 - INFO - Update completed successfully
2025-10-04 11:54:34,472 - INFO - Waiting 60 seconds until next update...
2025-10-04 11:55:34,472 - INFO - === Update iteration 26 ===
2025-10-04 11:55:34,472 - INFO - Attempting to connect to http://localhost:9997/v3/config/paths/list
2025-10-04 11:55:34,474 - INFO - Response status code: 200
2025-10-04 11:55:34,474 - INFO - Successfully parsed JSON response
2025-10-04 11:55:34,474 - INFO - === DEBUG: Response Structure ===
2025-10-04 11:55:34,474 - INFO - Type of config_data: <class 'dict'>
2025-10-04 11:55:34,474 - INFO - Keys in config_data: ['itemCount', 'pageCount', 'items']
2025-10-04 11:55:34,474 - INFO - 'items' key found with 3 items
2025-10-04 11:55:34,474 - INFO - First item in 'items': {'name': 'all_others', 'source': 'publisher', 'sourceFingerprint': '', 'sourceOnDemand': False, 'sourceOnDemandStartTimeout': '10s', 'sourceOnDemandCloseAfter': '10s', 'maxReaders': 0, 'srtReadPassphrase': '', 'fallback': '', 'useAbsoluteTimestamp': False, 'record': False, 'recordPath': '/recordings/%path/%Y-%m-%d_%H-%M-%S-%f', 'recordFormat': 'fmp4', 'recordPartDuration': '1s', 'recordMaxPartSize': '50M', 'recordSegmentDuration': '1h0m0s', 'recordDeleteAfter': '1d', 'overridePublisher': True, 'srtPublishPassphrase': '', 'rtspTransport': 'automatic', 'rtspAnyPort': False, 'rtspRangeType': '', 'rtspRangeStart': '', 'rtspUDPReadBufferSize': 0, 'mpegtsUDPReadBufferSize': 0, 'rtpSDP': '', 'rtpUDPReadBufferSize': 0, 'sourceRedirect': '', 'rpiCameraCamID': 0, 'rpiCameraSecondary': False, 'rpiCameraWidth': 1920, 'rpiCameraHeight': 1080, 'rpiCameraHFlip': False, 'rpiCameraVFlip': False, 'rpiCameraBrightness': 0, 'rpiCameraContrast': 1, 'rpiCameraSaturation': 1, 'rpiCameraSharpness': 1, 'rpiCameraExposure': 'normal', 'rpiCameraAWB': 'auto', 'rpiCameraAWBGains': [0, 0], 'rpiCameraDenoise': 'off', 'rpiCameraShutter': 0, 'rpiCameraMetering': 'centre', 'rpiCameraGain': 0, 'rpiCameraEV': 0, 'rpiCameraROI': '', 'rpiCameraHDR': False, 'rpiCameraTuningFile': '', 'rpiCameraMode': '', 'rpiCameraFPS': 30, 'rpiCameraAfMode': 'continuous', 'rpiCameraAfRange': 'normal', 'rpiCameraAfSpeed': 'normal', 'rpiCameraLensPosition': 0, 'rpiCameraAfWindow': '', 'rpiCameraFlickerPeriod': 0, 'rpiCameraTextOverlayEnable': False, 'rpiCameraTextOverlay': '%Y-%m-%d %H:%M:%S - MediaMTX', 'rpiCameraCodec': 'auto', 'rpiCameraIDRPeriod': 60, 'rpiCameraBitrate': 5000000, 'rpiCameraHardwareH264Profile': 'main', 'rpiCameraHardwareH264Level': '4.1', 'rpiCameraSoftwareH264Profile': 'baseline', 'rpiCameraSoftwareH264Level': '4.1', 'rpiCameraMJPEGQuality': 60, 'runOnInit': '', 'runOnInitRestart': False, 'runOnDemand': '', 'runOnDemandRestart': False, 'runOnDemandStartTimeout': '10s', 'runOnDemandCloseAfter': '10s', 'runOnUnDemand': '', 'runOnReady': '', 'runOnReadyRestart': False, 'runOnNotReady': '', 'runOnRead': '', 'runOnReadRestart': False, 'runOnUnread': '', 'runOnRecordSegmentCreate': '', 'runOnRecordSegmentComplete': ''}
2025-10-04 11:55:34,474 - INFO - === END DEBUG ===
2025-10-04 11:55:34,474 - INFO - Found paths in 'items' key
2025-10-04 11:55:34,474 - INFO - Converted 3 paths from items
2025-10-04 11:55:34,474 - INFO - Extracted 3 paths:
2025-10-04 11:55:34,474 - INFO -   - all_others: publisher
2025-10-04 11:55:34,474 - INFO -   - cam1: rtsp://admin:N0vin-123PNR@192.168.50.27
2025-10-04 11:55:34,474 - INFO -   - camera3: rtsp://admin:N0vin-123PNR@192.168.50.27
2025-10-04 11:55:34,474 - INFO - Processing 3 paths
2025-10-04 11:55:34,474 - INFO - Successfully read config file: ./mediamtx.yml
2025-10-04 11:55:34,474 - INFO - Found 'paths:' at line 115
2025-10-04 11:55:34,474 - INFO - Found 'all_others:' at line 120
2025-10-04 11:55:34,474 - INFO - Added path: cam1 -> rtsp://admin:N0vin-123PNR@192.168.50.27
2025-10-04 11:55:34,474 - INFO - Added path: camera3 -> rtsp://admin:N0vin-123PNR@192.168.50.27
2025-10-04 11:55:34,475 - INFO - Successfully updated config file with 2 paths
2025-10-04 11:55:34,475 - INFO - Update completed successfully
2025-10-04 11:55:34,475 - INFO - Waiting 60 seconds until next update...
2025-10-04 11:56:34,475 - INFO - === Update iteration 27 ===
2025-10-04 11:56:34,475 - INFO - Attempting to connect to http://localhost:9997/v3/config/paths/list
2025-10-04 11:56:34,476 - INFO - Response status code: 200
2025-10-04 11:56:34,476 - INFO - Successfully parsed JSON response
2025-10-04 11:56:34,476 - INFO - === DEBUG: Response Structure ===
2025-10-04 11:56:34,476 - INFO - Type of config_data: <class 'dict'>
2025-10-04 11:56:34,476 - INFO - Keys in config_data: ['itemCount', 'pageCount', 'items']
2025-10-04 11:56:34,476 - INFO - 'items' key found with 3 items
2025-10-04 11:56:34,477 - INFO - First item in 'items': {'name': 'all_others', 'source': 'publisher', 'sourceFingerprint': '', 'sourceOnDemand': False, 'sourceOnDemandStartTimeout': '10s', 'sourceOnDemandCloseAfter': '10s', 'maxReaders': 0, 'srtReadPassphrase': '', 'fallback': '', 'useAbsoluteTimestamp': False, 'record': False, 'recordPath': '/recordings/%path/%Y-%m-%d_%H-%M-%S-%f', 'recordFormat': 'fmp4', 'recordPartDuration': '1s', 'recordMaxPartSize': '50M', 'recordSegmentDuration': '1h0m0s', 'recordDeleteAfter': '1d', 'overridePublisher': True, 'srtPublishPassphrase': '', 'rtspTransport': 'automatic', 'rtspAnyPort': False, 'rtspRangeType': '', 'rtspRangeStart': '', 'rtspUDPReadBufferSize': 0, 'mpegtsUDPReadBufferSize': 0, 'rtpSDP': '', 'rtpUDPReadBufferSize': 0, 'sourceRedirect': '', 'rpiCameraCamID': 0, 'rpiCameraSecondary': False, 'rpiCameraWidth': 1920, 'rpiCameraHeight': 1080, 'rpiCameraHFlip': False, 'rpiCameraVFlip': False, 'rpiCameraBrightness': 0, 'rpiCameraContrast': 1, 'rpiCameraSaturation': 1, 'rpiCameraSharpness': 1, 'rpiCameraExposure': 'normal', 'rpiCameraAWB': 'auto', 'rpiCameraAWBGains': [0, 0], 'rpiCameraDenoise': 'off', 'rpiCameraShutter': 0, 'rpiCameraMetering': 'centre', 'rpiCameraGain': 0, 'rpiCameraEV': 0, 'rpiCameraROI': '', 'rpiCameraHDR': False, 'rpiCameraTuningFile': '', 'rpiCameraMode': '', 'rpiCameraFPS': 30, 'rpiCameraAfMode': 'continuous', 'rpiCameraAfRange': 'normal', 'rpiCameraAfSpeed': 'normal', 'rpiCameraLensPosition': 0, 'rpiCameraAfWindow': '', 'rpiCameraFlickerPeriod': 0, 'rpiCameraTextOverlayEnable': False, 'rpiCameraTextOverlay': '%Y-%m-%d %H:%M:%S - MediaMTX', 'rpiCameraCodec': 'auto', 'rpiCameraIDRPeriod': 60, 'rpiCameraBitrate': 5000000, 'rpiCameraHardwareH264Profile': 'main', 'rpiCameraHardwareH264Level': '4.1', 'rpiCameraSoftwareH264Profile': 'baseline', 'rpiCameraSoftwareH264Level': '4.1', 'rpiCameraMJPEGQuality': 60, 'runOnInit': '', 'runOnInitRestart': False, 'runOnDemand': '', 'runOnDemandRestart': False, 'runOnDemandStartTimeout': '10s', 'runOnDemandCloseAfter': '10s', 'runOnUnDemand': '', 'runOnReady': '', 'runOnReadyRestart': False, 'runOnNotReady': '', 'runOnRead': '', 'runOnReadRestart': False, 'runOnUnread': '', 'runOnRecordSegmentCreate': '', 'runOnRecordSegmentComplete': ''}
2025-10-04 11:56:34,477 - INFO - === END DEBUG ===
2025-10-04 11:56:34,477 - INFO - Found paths in 'items' key
2025-10-04 11:56:34,477 - INFO - Converted 3 paths from items
2025-10-04 11:56:34,477 - INFO - Extracted 3 paths:
2025-10-04 11:56:34,477 - INFO -   - all_others: publisher
2025-10-04 11:56:34,477 - INFO -   - cam1: rtsp://admin:N0vin-123PNR@192.168.50.27
2025-10-04 11:56:34,477 - INFO -   - camera3: rtsp://admin:N0vin-123PNR@192.168.50.27
2025-10-04 11:56:34,477 - INFO - Processing 3 paths
2025-10-04 11:56:34,477 - INFO - Successfully read config file: ./mediamtx.yml
2025-10-04 11:56:34,477 - INFO - Found 'paths:' at line 115
2025-10-04 11:56:34,477 - INFO - Found 'all_others:' at line 120
2025-10-04 11:56:34,477 - INFO - Added path: cam1 -> rtsp://admin:N0vin-123PNR@192.168.50.27
2025-10-04 11:56:34,477 - INFO - Added path: camera3 -> rtsp://admin:N0vin-123PNR@192.168.50.27
2025-10-04 11:56:34,477 - INFO - Successfully updated config file with 2 paths
2025-10-04 11:56:34,477 - INFO - Update completed successfully
2025-10-04 11:56:34,477 - INFO - Waiting 60 seconds until next update...
2025-10-04 11:57:34,477 - INFO - === Update iteration 28 ===
2025-10-04 11:57:34,477 - INFO - Attempting to connect to http://localhost:9997/v3/config/paths/list
2025-10-04 11:57:34,479 - INFO - Response status code: 200
2025-10-04 11:57:34,479 - INFO - Successfully parsed JSON response
2025-10-04 11:57:34,479 - INFO - === DEBUG: Response Structure ===
2025-10-04 11:57:34,479 - INFO - Type of config_data: <class 'dict'>
2025-10-04 11:57:34,479 - INFO - Keys in config_data: ['itemCount', 'pageCount', 'items']
2025-10-04 11:57:34,479 - INFO - 'items' key found with 3 items
2025-10-04 11:57:34,479 - INFO - First item in 'items': {'name': 'all_others', 'source': 'publisher', 'sourceFingerprint': '', 'sourceOnDemand': False, 'sourceOnDemandStartTimeout': '10s', 'sourceOnDemandCloseAfter': '10s', 'maxReaders': 0, 'srtReadPassphrase': '', 'fallback': '', 'useAbsoluteTimestamp': False, 'record': False, 'recordPath': '/recordings/%path/%Y-%m-%d_%H-%M-%S-%f', 'recordFormat': 'fmp4', 'recordPartDuration': '1s', 'recordMaxPartSize': '50M', 'recordSegmentDuration': '1h0m0s', 'recordDeleteAfter': '1d', 'overridePublisher': True, 'srtPublishPassphrase': '', 'rtspTransport': 'automatic', 'rtspAnyPort': False, 'rtspRangeType': '', 'rtspRangeStart': '', 'rtspUDPReadBufferSize': 0, 'mpegtsUDPReadBufferSize': 0, 'rtpSDP': '', 'rtpUDPReadBufferSize': 0, 'sourceRedirect': '', 'rpiCameraCamID': 0, 'rpiCameraSecondary': False, 'rpiCameraWidth': 1920, 'rpiCameraHeight': 1080, 'rpiCameraHFlip': False, 'rpiCameraVFlip': False, 'rpiCameraBrightness': 0, 'rpiCameraContrast': 1, 'rpiCameraSaturation': 1, 'rpiCameraSharpness': 1, 'rpiCameraExposure': 'normal', 'rpiCameraAWB': 'auto', 'rpiCameraAWBGains': [0, 0], 'rpiCameraDenoise': 'off', 'rpiCameraShutter': 0, 'rpiCameraMetering': 'centre', 'rpiCameraGain': 0, 'rpiCameraEV': 0, 'rpiCameraROI': '', 'rpiCameraHDR': False, 'rpiCameraTuningFile': '', 'rpiCameraMode': '', 'rpiCameraFPS': 30, 'rpiCameraAfMode': 'continuous', 'rpiCameraAfRange': 'normal', 'rpiCameraAfSpeed': 'normal', 'rpiCameraLensPosition': 0, 'rpiCameraAfWindow': '', 'rpiCameraFlickerPeriod': 0, 'rpiCameraTextOverlayEnable': False, 'rpiCameraTextOverlay': '%Y-%m-%d %H:%M:%S - MediaMTX', 'rpiCameraCodec': 'auto', 'rpiCameraIDRPeriod': 60, 'rpiCameraBitrate': 5000000, 'rpiCameraHardwareH264Profile': 'main', 'rpiCameraHardwareH264Level': '4.1', 'rpiCameraSoftwareH264Profile': 'baseline', 'rpiCameraSoftwareH264Level': '4.1', 'rpiCameraMJPEGQuality': 60, 'runOnInit': '', 'runOnInitRestart': False, 'runOnDemand': '', 'runOnDemandRestart': False, 'runOnDemandStartTimeout': '10s', 'runOnDemandCloseAfter': '10s', 'runOnUnDemand': '', 'runOnReady': '', 'runOnReadyRestart': False, 'runOnNotReady': '', 'runOnRead': '', 'runOnReadRestart': False, 'runOnUnread': '', 'runOnRecordSegmentCreate': '', 'runOnRecordSegmentComplete': ''}
2025-10-04 11:57:34,479 - INFO - === END DEBUG ===
2025-10-04 11:57:34,479 - INFO - Found paths in 'items' key
2025-10-04 11:57:34,479 - INFO - Converted 3 paths from items
2025-10-04 11:57:34,480 - INFO - Extracted 3 paths:
2025-10-04 11:57:34,480 - INFO -   - all_others: publisher
2025-10-04 11:57:34,480 - INFO -   - cam1: rtsp://admin:N0vin-123PNR@192.168.50.27
2025-10-04 11:57:34,480 - INFO -   - camera3: rtsp://admin:N0vin-123PNR@192.168.50.27
2025-10-04 11:57:34,480 - INFO - Processing 3 paths
2025-10-04 11:57:34,480 - INFO - Successfully read config file: ./mediamtx.yml
2025-10-04 11:57:34,480 - INFO - Found 'paths:' at line 115
2025-10-04 11:57:34,480 - INFO - Found 'all_others:' at line 120
2025-10-04 11:57:34,480 - INFO - Added path: cam1 -> rtsp://admin:N0vin-123PNR@192.168.50.27
2025-10-04 11:57:34,480 - INFO - Added path: camera3 -> rtsp://admin:N0vin-123PNR@192.168.50.27
2025-10-04 11:57:34,480 - INFO - Successfully updated config file with 2 paths
2025-10-04 11:57:34,480 - INFO - Update completed successfully
2025-10-04 11:57:34,480 - INFO - Waiting 60 seconds until next update...
2025-10-04 11:58:34,480 - INFO - === Update iteration 29 ===
2025-10-04 11:58:34,480 - INFO - Attempting to connect to http://localhost:9997/v3/config/paths/list
2025-10-04 11:58:34,482 - INFO - Response status code: 200
2025-10-04 11:58:34,482 - INFO - Successfully parsed JSON response
2025-10-04 11:58:34,482 - INFO - === DEBUG: Response Structure ===
2025-10-04 11:58:34,482 - INFO - Type of config_data: <class 'dict'>
2025-10-04 11:58:34,482 - INFO - Keys in config_data: ['itemCount', 'pageCount', 'items']
2025-10-04 11:58:34,482 - INFO - 'items' key found with 4 items
2025-10-04 11:58:34,483 - INFO - First item in 'items': {'name': 'all_others', 'source': 'publisher', 'sourceFingerprint': '', 'sourceOnDemand': False, 'sourceOnDemandStartTimeout': '10s', 'sourceOnDemandCloseAfter': '10s', 'maxReaders': 0, 'srtReadPassphrase': '', 'fallback': '', 'useAbsoluteTimestamp': False, 'record': False, 'recordPath': '/recordings/%path/%Y-%m-%d_%H-%M-%S-%f', 'recordFormat': 'fmp4', 'recordPartDuration': '1s', 'recordMaxPartSize': '50M', 'recordSegmentDuration': '1h0m0s', 'recordDeleteAfter': '1d', 'overridePublisher': True, 'srtPublishPassphrase': '', 'rtspTransport': 'automatic', 'rtspAnyPort': False, 'rtspRangeType': '', 'rtspRangeStart': '', 'rtspUDPReadBufferSize': 0, 'mpegtsUDPReadBufferSize': 0, 'rtpSDP': '', 'rtpUDPReadBufferSize': 0, 'sourceRedirect': '', 'rpiCameraCamID': 0, 'rpiCameraSecondary': False, 'rpiCameraWidth': 1920, 'rpiCameraHeight': 1080, 'rpiCameraHFlip': False, 'rpiCameraVFlip': False, 'rpiCameraBrightness': 0, 'rpiCameraContrast': 1, 'rpiCameraSaturation': 1, 'rpiCameraSharpness': 1, 'rpiCameraExposure': 'normal', 'rpiCameraAWB': 'auto', 'rpiCameraAWBGains': [0, 0], 'rpiCameraDenoise': 'off', 'rpiCameraShutter': 0, 'rpiCameraMetering': 'centre', 'rpiCameraGain': 0, 'rpiCameraEV': 0, 'rpiCameraROI': '', 'rpiCameraHDR': False, 'rpiCameraTuningFile': '', 'rpiCameraMode': '', 'rpiCameraFPS': 30, 'rpiCameraAfMode': 'continuous', 'rpiCameraAfRange': 'normal', 'rpiCameraAfSpeed': 'normal', 'rpiCameraLensPosition': 0, 'rpiCameraAfWindow': '', 'rpiCameraFlickerPeriod': 0, 'rpiCameraTextOverlayEnable': False, 'rpiCameraTextOverlay': '%Y-%m-%d %H:%M:%S - MediaMTX', 'rpiCameraCodec': 'auto', 'rpiCameraIDRPeriod': 60, 'rpiCameraBitrate': 5000000, 'rpiCameraHardwareH264Profile': 'main', 'rpiCameraHardwareH264Level': '4.1', 'rpiCameraSoftwareH264Profile': 'baseline', 'rpiCameraSoftwareH264Level': '4.1', 'rpiCameraMJPEGQuality': 60, 'runOnInit': '', 'runOnInitRestart': False, 'runOnDemand': '', 'runOnDemandRestart': False, 'runOnDemandStartTimeout': '10s', 'runOnDemandCloseAfter': '10s', 'runOnUnDemand': '', 'runOnReady': '', 'runOnReadyRestart': False, 'runOnNotReady': '', 'runOnRead': '', 'runOnReadRestart': False, 'runOnUnread': '', 'runOnRecordSegmentCreate': '', 'runOnRecordSegmentComplete': ''}
2025-10-04 11:58:34,483 - INFO - === END DEBUG ===
2025-10-04 11:58:34,483 - INFO - Found paths in 'items' key
2025-10-04 11:58:34,483 - INFO - Converted 4 paths from items
2025-10-04 11:58:34,483 - INFO - Extracted 4 paths:
2025-10-04 11:58:34,483 - INFO -   - all_others: publisher
2025-10-04 11:58:34,483 - INFO -   - cam1: rtsp://admin:N0vin-123PNR@192.168.50.27
2025-10-04 11:58:34,483 - INFO -   - camera3: rtsp://admin:N0vin-123PNR@192.168.50.27
2025-10-04 11:58:34,483 - INFO -   - camera4: rtsp://admin:admin1234@192.168.50.3
2025-10-04 11:58:34,483 - INFO - Processing 4 paths
2025-10-04 11:58:34,483 - INFO - Successfully read config file: ./mediamtx.yml
2025-10-04 11:58:34,483 - INFO - Found 'paths:' at line 115
2025-10-04 11:58:34,483 - INFO - Found 'all_others:' at line 120
2025-10-04 11:58:34,483 - INFO - Added path: cam1 -> rtsp://admin:N0vin-123PNR@192.168.50.27
2025-10-04 11:58:34,483 - INFO - Added path: camera3 -> rtsp://admin:N0vin-123PNR@192.168.50.27
2025-10-04 11:58:34,483 - INFO - Added path: camera4 -> rtsp://admin:admin1234@192.168.50.3
2025-10-04 11:58:34,483 - INFO - Successfully updated config file with 3 paths
2025-10-04 11:58:34,483 - INFO - Update completed successfully
2025-10-04 11:58:34,483 - INFO - Waiting 60 seconds until next update...
2025-10-04 11:59:34,484 - INFO - === Update iteration 30 ===
2025-10-04 11:59:34,484 - INFO - Attempting to connect to http://localhost:9997/v3/config/paths/list
2025-10-04 11:59:34,486 - INFO - Response status code: 200
2025-10-04 11:59:34,486 - INFO - Successfully parsed JSON response
2025-10-04 11:59:34,486 - INFO - === DEBUG: Response Structure ===
2025-10-04 11:59:34,486 - INFO - Type of config_data: <class 'dict'>
2025-10-04 11:59:34,486 - INFO - Keys in config_data: ['itemCount', 'pageCount', 'items']
2025-10-04 11:59:34,486 - INFO - 'items' key found with 4 items
2025-10-04 11:59:34,486 - INFO - First item in 'items': {'name': 'all_others', 'source': 'publisher', 'sourceFingerprint': '', 'sourceOnDemand': False, 'sourceOnDemandStartTimeout': '10s', 'sourceOnDemandCloseAfter': '10s', 'maxReaders': 0, 'srtReadPassphrase': '', 'fallback': '', 'useAbsoluteTimestamp': False, 'record': False, 'recordPath': '/recordings/%path/%Y-%m-%d_%H-%M-%S-%f', 'recordFormat': 'fmp4', 'recordPartDuration': '1s', 'recordMaxPartSize': '50M', 'recordSegmentDuration': '1h0m0s', 'recordDeleteAfter': '1d', 'overridePublisher': True, 'srtPublishPassphrase': '', 'rtspTransport': 'automatic', 'rtspAnyPort': False, 'rtspRangeType': '', 'rtspRangeStart': '', 'rtspUDPReadBufferSize': 0, 'mpegtsUDPReadBufferSize': 0, 'rtpSDP': '', 'rtpUDPReadBufferSize': 0, 'sourceRedirect': '', 'rpiCameraCamID': 0, 'rpiCameraSecondary': False, 'rpiCameraWidth': 1920, 'rpiCameraHeight': 1080, 'rpiCameraHFlip': False, 'rpiCameraVFlip': False, 'rpiCameraBrightness': 0, 'rpiCameraContrast': 1, 'rpiCameraSaturation': 1, 'rpiCameraSharpness': 1, 'rpiCameraExposure': 'normal', 'rpiCameraAWB': 'auto', 'rpiCameraAWBGains': [0, 0], 'rpiCameraDenoise': 'off', 'rpiCameraShutter': 0, 'rpiCameraMetering': 'centre', 'rpiCameraGain': 0, 'rpiCameraEV': 0, 'rpiCameraROI': '', 'rpiCameraHDR': False, 'rpiCameraTuningFile': '', 'rpiCameraMode': '', 'rpiCameraFPS': 30, 'rpiCameraAfMode': 'continuous', 'rpiCameraAfRange': 'normal', 'rpiCameraAfSpeed': 'normal', 'rpiCameraLensPosition': 0, 'rpiCameraAfWindow': '', 'rpiCameraFlickerPeriod': 0, 'rpiCameraTextOverlayEnable': False, 'rpiCameraTextOverlay': '%Y-%m-%d %H:%M:%S - MediaMTX', 'rpiCameraCodec': 'auto', 'rpiCameraIDRPeriod': 60, 'rpiCameraBitrate': 5000000, 'rpiCameraHardwareH264Profile': 'main', 'rpiCameraHardwareH264Level': '4.1', 'rpiCameraSoftwareH264Profile': 'baseline', 'rpiCameraSoftwareH264Level': '4.1', 'rpiCameraMJPEGQuality': 60, 'runOnInit': '', 'runOnInitRestart': False, 'runOnDemand': '', 'runOnDemandRestart': False, 'runOnDemandStartTimeout': '10s', 'runOnDemandCloseAfter': '10s', 'runOnUnDemand': '', 'runOnReady': '', 'runOnReadyRestart': False, 'runOnNotReady': '', 'runOnRead': '', 'runOnReadRestart': False, 'runOnUnread': '', 'runOnRecordSegmentCreate': '', 'runOnRecordSegmentComplete': ''}
2025-10-04 11:59:34,486 - INFO - === END DEBUG ===
2025-10-04 11:59:34,486 - INFO - Found paths in 'items' key
2025-10-04 11:59:34,486 - INFO - Converted 4 paths from items
2025-10-04 11:59:34,486 - INFO - Extracted 4 paths:
2025-10-04 11:59:34,486 - INFO -   - all_others: publisher
2025-10-04 11:59:34,486 - INFO -   - cam1: rtsp://admin:N0vin-123PNR@192.168.50.27
2025-10-04 11:59:34,486 - INFO -   - camera3: rtsp://admin:N0vin-123PNR@192.168.50.27
2025-10-04 11:59:34,486 - INFO -   - camera4: rtsp://admin:admin1234@192.168.50.3
2025-10-04 11:59:34,486 - INFO - Processing 4 paths
2025-10-04 11:59:34,486 - INFO - Successfully read config file: ./mediamtx.yml
2025-10-04 11:59:34,487 - INFO - Found 'paths:' at line 115
2025-10-04 11:59:34,487 - INFO - Found 'all_others:' at line 122
2025-10-04 11:59:34,487 - INFO - Added path: cam1 -> rtsp://admin:N0vin-123PNR@192.168.50.27
2025-10-04 11:59:34,487 - INFO - Added path: camera3 -> rtsp://admin:N0vin-123PNR@192.168.50.27
2025-10-04 11:59:34,487 - INFO - Added path: camera4 -> rtsp://admin:admin1234@192.168.50.3
2025-10-04 11:59:34,487 - INFO - Successfully updated config file with 3 paths
2025-10-04 11:59:34,487 - INFO - Update completed successfully
2025-10-04 11:59:34,487 - INFO - Waiting 60 seconds until next update...
2025-10-04 12:00:34,487 - INFO - === Update iteration 31 ===
2025-10-04 12:00:34,487 - INFO - Attempting to connect to http://localhost:9997/v3/config/paths/list
2025-10-04 12:00:34,489 - INFO - Response status code: 200
2025-10-04 12:00:34,489 - INFO - Successfully parsed JSON response
2025-10-04 12:00:34,489 - INFO - === DEBUG: Response Structure ===
2025-10-04 12:00:34,489 - INFO - Type of config_data: <class 'dict'>
2025-10-04 12:00:34,489 - INFO - Keys in config_data: ['itemCount', 'pageCount', 'items']
2025-10-04 12:00:34,489 - INFO - 'items' key found with 4 items
2025-10-04 12:00:34,489 - INFO - First item in 'items': {'name': 'all_others', 'source': 'publisher', 'sourceFingerprint': '', 'sourceOnDemand': False, 'sourceOnDemandStartTimeout': '10s', 'sourceOnDemandCloseAfter': '10s', 'maxReaders': 0, 'srtReadPassphrase': '', 'fallback': '', 'useAbsoluteTimestamp': False, 'record': False, 'recordPath': '/recordings/%path/%Y-%m-%d_%H-%M-%S-%f', 'recordFormat': 'fmp4', 'recordPartDuration': '1s', 'recordMaxPartSize': '50M', 'recordSegmentDuration': '1h0m0s', 'recordDeleteAfter': '1d', 'overridePublisher': True, 'srtPublishPassphrase': '', 'rtspTransport': 'automatic', 'rtspAnyPort': False, 'rtspRangeType': '', 'rtspRangeStart': '', 'rtspUDPReadBufferSize': 0, 'mpegtsUDPReadBufferSize': 0, 'rtpSDP': '', 'rtpUDPReadBufferSize': 0, 'sourceRedirect': '', 'rpiCameraCamID': 0, 'rpiCameraSecondary': False, 'rpiCameraWidth': 1920, 'rpiCameraHeight': 1080, 'rpiCameraHFlip': False, 'rpiCameraVFlip': False, 'rpiCameraBrightness': 0, 'rpiCameraContrast': 1, 'rpiCameraSaturation': 1, 'rpiCameraSharpness': 1, 'rpiCameraExposure': 'normal', 'rpiCameraAWB': 'auto', 'rpiCameraAWBGains': [0, 0], 'rpiCameraDenoise': 'off', 'rpiCameraShutter': 0, 'rpiCameraMetering': 'centre', 'rpiCameraGain': 0, 'rpiCameraEV': 0, 'rpiCameraROI': '', 'rpiCameraHDR': False, 'rpiCameraTuningFile': '', 'rpiCameraMode': '', 'rpiCameraFPS': 30, 'rpiCameraAfMode': 'continuous', 'rpiCameraAfRange': 'normal', 'rpiCameraAfSpeed': 'normal', 'rpiCameraLensPosition': 0, 'rpiCameraAfWindow': '', 'rpiCameraFlickerPeriod': 0, 'rpiCameraTextOverlayEnable': False, 'rpiCameraTextOverlay': '%Y-%m-%d %H:%M:%S - MediaMTX', 'rpiCameraCodec': 'auto', 'rpiCameraIDRPeriod': 60, 'rpiCameraBitrate': 5000000, 'rpiCameraHardwareH264Profile': 'main', 'rpiCameraHardwareH264Level': '4.1', 'rpiCameraSoftwareH264Profile': 'baseline', 'rpiCameraSoftwareH264Level': '4.1', 'rpiCameraMJPEGQuality': 60, 'runOnInit': '', 'runOnInitRestart': False, 'runOnDemand': '', 'runOnDemandRestart': False, 'runOnDemandStartTimeout': '10s', 'runOnDemandCloseAfter': '10s', 'runOnUnDemand': '', 'runOnReady': '', 'runOnReadyRestart': False, 'runOnNotReady': '', 'runOnRead': '', 'runOnReadRestart': False, 'runOnUnread': '', 'runOnRecordSegmentCreate': '', 'runOnRecordSegmentComplete': ''}
2025-10-04 12:00:34,489 - INFO - === END DEBUG ===
2025-10-04 12:00:34,490 - INFO - Found paths in 'items' key
2025-10-04 12:00:34,490 - INFO - Converted 4 paths from items
2025-10-04 12:00:34,490 - INFO - Extracted 4 paths:
2025-10-04 12:00:34,490 - INFO -   - all_others: publisher
2025-10-04 12:00:34,490 - INFO -   - cam1: rtsp://admin:N0vin-123PNR@192.168.50.27
2025-10-04 12:00:34,490 - INFO -   - camera3: rtsp://admin:N0vin-123PNR@192.168.50.27
2025-10-04 12:00:34,490 - INFO -   - camera4: rtsp://admin:admin1234@192.168.50.3
2025-10-04 12:00:34,490 - INFO - Processing 4 paths
2025-10-04 12:00:34,490 - INFO - Successfully read config file: ./mediamtx.yml
2025-10-04 12:00:34,490 - INFO - Found 'paths:' at line 115
2025-10-04 12:00:34,490 - INFO - Found 'all_others:' at line 122
2025-10-04 12:00:34,490 - INFO - Added path: cam1 -> rtsp://admin:N0vin-123PNR@192.168.50.27
2025-10-04 12:00:34,490 - INFO - Added path: camera3 -> rtsp://admin:N0vin-123PNR@192.168.50.27
2025-10-04 12:00:34,490 - INFO - Added path: camera4 -> rtsp://admin:admin1234@192.168.50.3
2025-10-04 12:00:34,490 - INFO - Successfully updated config file with 3 paths
2025-10-04 12:00:34,490 - INFO - Update completed successfully
2025-10-04 12:00:34,490 - INFO - Waiting 60 seconds until next update...
2025-10-04 12:01:34,491 - INFO - === Update iteration 32 ===
2025-10-04 12:01:34,491 - INFO - Attempting to connect to http://localhost:9997/v3/config/paths/list
2025-10-04 12:01:34,493 - INFO - Response status code: 200
2025-10-04 12:01:34,493 - INFO - Successfully parsed JSON response
2025-10-04 12:01:34,493 - INFO - === DEBUG: Response Structure ===
2025-10-04 12:01:34,493 - INFO - Type of config_data: <class 'dict'>
2025-10-04 12:01:34,493 - INFO - Keys in config_data: ['itemCount', 'pageCount', 'items']
2025-10-04 12:01:34,493 - INFO - 'items' key found with 4 items
2025-10-04 12:01:34,493 - INFO - First item in 'items': {'name': 'all_others', 'source': 'publisher', 'sourceFingerprint': '', 'sourceOnDemand': False, 'sourceOnDemandStartTimeout': '10s', 'sourceOnDemandCloseAfter': '10s', 'maxReaders': 0, 'srtReadPassphrase': '', 'fallback': '', 'useAbsoluteTimestamp': False, 'record': False, 'recordPath': '/recordings/%path/%Y-%m-%d_%H-%M-%S-%f', 'recordFormat': 'fmp4', 'recordPartDuration': '1s', 'recordMaxPartSize': '50M', 'recordSegmentDuration': '1h0m0s', 'recordDeleteAfter': '1d', 'overridePublisher': True, 'srtPublishPassphrase': '', 'rtspTransport': 'automatic', 'rtspAnyPort': False, 'rtspRangeType': '', 'rtspRangeStart': '', 'rtspUDPReadBufferSize': 0, 'mpegtsUDPReadBufferSize': 0, 'rtpSDP': '', 'rtpUDPReadBufferSize': 0, 'sourceRedirect': '', 'rpiCameraCamID': 0, 'rpiCameraSecondary': False, 'rpiCameraWidth': 1920, 'rpiCameraHeight': 1080, 'rpiCameraHFlip': False, 'rpiCameraVFlip': False, 'rpiCameraBrightness': 0, 'rpiCameraContrast': 1, 'rpiCameraSaturation': 1, 'rpiCameraSharpness': 1, 'rpiCameraExposure': 'normal', 'rpiCameraAWB': 'auto', 'rpiCameraAWBGains': [0, 0], 'rpiCameraDenoise': 'off', 'rpiCameraShutter': 0, 'rpiCameraMetering': 'centre', 'rpiCameraGain': 0, 'rpiCameraEV': 0, 'rpiCameraROI': '', 'rpiCameraHDR': False, 'rpiCameraTuningFile': '', 'rpiCameraMode': '', 'rpiCameraFPS': 30, 'rpiCameraAfMode': 'continuous', 'rpiCameraAfRange': 'normal', 'rpiCameraAfSpeed': 'normal', 'rpiCameraLensPosition': 0, 'rpiCameraAfWindow': '', 'rpiCameraFlickerPeriod': 0, 'rpiCameraTextOverlayEnable': False, 'rpiCameraTextOverlay': '%Y-%m-%d %H:%M:%S - MediaMTX', 'rpiCameraCodec': 'auto', 'rpiCameraIDRPeriod': 60, 'rpiCameraBitrate': 5000000, 'rpiCameraHardwareH264Profile': 'main', 'rpiCameraHardwareH264Level': '4.1', 'rpiCameraSoftwareH264Profile': 'baseline', 'rpiCameraSoftwareH264Level': '4.1', 'rpiCameraMJPEGQuality': 60, 'runOnInit': '', 'runOnInitRestart': False, 'runOnDemand': '', 'runOnDemandRestart': False, 'runOnDemandStartTimeout': '10s', 'runOnDemandCloseAfter': '10s', 'runOnUnDemand': '', 'runOnReady': '', 'runOnReadyRestart': False, 'runOnNotReady': '', 'runOnRead': '', 'runOnReadRestart': False, 'runOnUnread': '', 'runOnRecordSegmentCreate': '', 'runOnRecordSegmentComplete': ''}
2025-10-04 12:01:34,493 - INFO - === END DEBUG ===
2025-10-04 12:01:34,493 - INFO - Found paths in 'items' key
2025-10-04 12:01:34,493 - INFO - Converted 4 paths from items
2025-10-04 12:01:34,493 - INFO - Extracted 4 paths:
2025-10-04 12:01:34,493 - INFO -   - all_others: publisher
2025-10-04 12:01:34,493 - INFO -   - cam1: rtsp://admin:N0vin-123PNR@192.168.50.27
2025-10-04 12:01:34,494 - INFO -   - camera3: rtsp://admin:N0vin-123PNR@192.168.50.27
2025-10-04 12:01:34,494 - INFO -   - camera4: rtsp://admin:admin1234@192.168.50.3
2025-10-04 12:01:34,494 - INFO - Processing 4 paths
2025-10-04 12:01:34,494 - INFO - Successfully read config file: ./mediamtx.yml
2025-10-04 12:01:34,494 - INFO - Found 'paths:' at line 115
2025-10-04 12:01:34,494 - INFO - Found 'all_others:' at line 122
2025-10-04 12:01:34,494 - INFO - Added path: cam1 -> rtsp://admin:N0vin-123PNR@192.168.50.27
2025-10-04 12:01:34,494 - INFO - Added path: camera3 -> rtsp://admin:N0vin-123PNR@192.168.50.27
2025-10-04 12:01:34,494 - INFO - Added path: camera4 -> rtsp://admin:admin1234@192.168.50.3
2025-10-04 12:01:34,494 - INFO - Successfully updated config file with 3 paths
2025-10-04 12:01:34,494 - INFO - Update completed successfully
2025-10-04 12:01:34,494 - INFO - Waiting 60 seconds until next update...
2025-10-04 12:02:34,494 - INFO - === Update iteration 33 ===
2025-10-04 12:02:34,494 - INFO - Attempting to connect to http://localhost:9997/v3/config/paths/list
2025-10-04 12:02:34,496 - INFO - Response status code: 200
2025-10-04 12:02:34,496 - INFO - Successfully parsed JSON response
2025-10-04 12:02:34,496 - INFO - === DEBUG: Response Structure ===
2025-10-04 12:02:34,496 - INFO - Type of config_data: <class 'dict'>
2025-10-04 12:02:34,496 - INFO - Keys in config_data: ['itemCount', 'pageCount', 'items']
2025-10-04 12:02:34,496 - INFO - 'items' key found with 4 items
2025-10-04 12:02:34,496 - INFO - First item in 'items': {'name': 'all_others', 'source': 'publisher', 'sourceFingerprint': '', 'sourceOnDemand': False, 'sourceOnDemandStartTimeout': '10s', 'sourceOnDemandCloseAfter': '10s', 'maxReaders': 0, 'srtReadPassphrase': '', 'fallback': '', 'useAbsoluteTimestamp': False, 'record': False, 'recordPath': '/recordings/%path/%Y-%m-%d_%H-%M-%S-%f', 'recordFormat': 'fmp4', 'recordPartDuration': '1s', 'recordMaxPartSize': '50M', 'recordSegmentDuration': '1h0m0s', 'recordDeleteAfter': '1d', 'overridePublisher': True, 'srtPublishPassphrase': '', 'rtspTransport': 'automatic', 'rtspAnyPort': False, 'rtspRangeType': '', 'rtspRangeStart': '', 'rtspUDPReadBufferSize': 0, 'mpegtsUDPReadBufferSize': 0, 'rtpSDP': '', 'rtpUDPReadBufferSize': 0, 'sourceRedirect': '', 'rpiCameraCamID': 0, 'rpiCameraSecondary': False, 'rpiCameraWidth': 1920, 'rpiCameraHeight': 1080, 'rpiCameraHFlip': False, 'rpiCameraVFlip': False, 'rpiCameraBrightness': 0, 'rpiCameraContrast': 1, 'rpiCameraSaturation': 1, 'rpiCameraSharpness': 1, 'rpiCameraExposure': 'normal', 'rpiCameraAWB': 'auto', 'rpiCameraAWBGains': [0, 0], 'rpiCameraDenoise': 'off', 'rpiCameraShutter': 0, 'rpiCameraMetering': 'centre', 'rpiCameraGain': 0, 'rpiCameraEV': 0, 'rpiCameraROI': '', 'rpiCameraHDR': False, 'rpiCameraTuningFile': '', 'rpiCameraMode': '', 'rpiCameraFPS': 30, 'rpiCameraAfMode': 'continuous', 'rpiCameraAfRange': 'normal', 'rpiCameraAfSpeed': 'normal', 'rpiCameraLensPosition': 0, 'rpiCameraAfWindow': '', 'rpiCameraFlickerPeriod': 0, 'rpiCameraTextOverlayEnable': False, 'rpiCameraTextOverlay': '%Y-%m-%d %H:%M:%S - MediaMTX', 'rpiCameraCodec': 'auto', 'rpiCameraIDRPeriod': 60, 'rpiCameraBitrate': 5000000, 'rpiCameraHardwareH264Profile': 'main', 'rpiCameraHardwareH264Level': '4.1', 'rpiCameraSoftwareH264Profile': 'baseline', 'rpiCameraSoftwareH264Level': '4.1', 'rpiCameraMJPEGQuality': 60, 'runOnInit': '', 'runOnInitRestart': False, 'runOnDemand': '', 'runOnDemandRestart': False, 'runOnDemandStartTimeout': '10s', 'runOnDemandCloseAfter': '10s', 'runOnUnDemand': '', 'runOnReady': '', 'runOnReadyRestart': False, 'runOnNotReady': '', 'runOnRead': '', 'runOnReadRestart': False, 'runOnUnread': '', 'runOnRecordSegmentCreate': '', 'runOnRecordSegmentComplete': ''}
2025-10-04 12:02:34,497 - INFO - === END DEBUG ===
2025-10-04 12:02:34,497 - INFO - Found paths in 'items' key
2025-10-04 12:02:34,497 - INFO - Converted 4 paths from items
2025-10-04 12:02:34,497 - INFO - Extracted 4 paths:
2025-10-04 12:02:34,497 - INFO -   - all_others: publisher
2025-10-04 12:02:34,497 - INFO -   - cam1: rtsp://admin:N0vin-123PNR@192.168.50.27
2025-10-04 12:02:34,497 - INFO -   - camera3: rtsp://admin:N0vin-123PNR@192.168.50.27
2025-10-04 12:02:34,497 - INFO -   - camera4: rtsp://admin:admin1234@192.168.50.3
2025-10-04 12:02:34,497 - INFO - Processing 4 paths
2025-10-04 12:02:34,497 - INFO - Successfully read config file: ./mediamtx.yml
2025-10-04 12:02:34,497 - INFO - Found 'paths:' at line 115
2025-10-04 12:02:34,497 - INFO - Found 'all_others:' at line 122
2025-10-04 12:02:34,497 - INFO - Added path: cam1 -> rtsp://admin:N0vin-123PNR@192.168.50.27
2025-10-04 12:02:34,497 - INFO - Added path: camera3 -> rtsp://admin:N0vin-123PNR@192.168.50.27
2025-10-04 12:02:34,497 - INFO - Added path: camera4 -> rtsp://admin:admin1234@192.168.50.3
2025-10-04 12:02:34,497 - INFO - Successfully updated config file with 3 paths
2025-10-04 12:02:34,497 - INFO - Update completed successfully
2025-10-04 12:02:34,497 - INFO - Waiting 60 seconds until next update...
2025-10-04 12:03:34,497 - INFO - === Update iteration 34 ===
2025-10-04 12:03:34,497 - INFO - Attempting to connect to http://localhost:9997/v3/config/paths/list
2025-10-04 12:03:34,499 - INFO - Response status code: 200
2025-10-04 12:03:34,499 - INFO - Successfully parsed JSON response
2025-10-04 12:03:34,499 - INFO - === DEBUG: Response Structure ===
2025-10-04 12:03:34,499 - INFO - Type of config_data: <class 'dict'>
2025-10-04 12:03:34,499 - INFO - Keys in config_data: ['itemCount', 'pageCount', 'items']
2025-10-04 12:03:34,500 - INFO - 'items' key found with 4 items
2025-10-04 12:03:34,500 - INFO - First item in 'items': {'name': 'all_others', 'source': 'publisher', 'sourceFingerprint': '', 'sourceOnDemand': False, 'sourceOnDemandStartTimeout': '10s', 'sourceOnDemandCloseAfter': '10s', 'maxReaders': 0, 'srtReadPassphrase': '', 'fallback': '', 'useAbsoluteTimestamp': False, 'record': False, 'recordPath': '/recordings/%path/%Y-%m-%d_%H-%M-%S-%f', 'recordFormat': 'fmp4', 'recordPartDuration': '1s', 'recordMaxPartSize': '50M', 'recordSegmentDuration': '1h0m0s', 'recordDeleteAfter': '1d', 'overridePublisher': True, 'srtPublishPassphrase': '', 'rtspTransport': 'automatic', 'rtspAnyPort': False, 'rtspRangeType': '', 'rtspRangeStart': '', 'rtspUDPReadBufferSize': 0, 'mpegtsUDPReadBufferSize': 0, 'rtpSDP': '', 'rtpUDPReadBufferSize': 0, 'sourceRedirect': '', 'rpiCameraCamID': 0, 'rpiCameraSecondary': False, 'rpiCameraWidth': 1920, 'rpiCameraHeight': 1080, 'rpiCameraHFlip': False, 'rpiCameraVFlip': False, 'rpiCameraBrightness': 0, 'rpiCameraContrast': 1, 'rpiCameraSaturation': 1, 'rpiCameraSharpness': 1, 'rpiCameraExposure': 'normal', 'rpiCameraAWB': 'auto', 'rpiCameraAWBGains': [0, 0], 'rpiCameraDenoise': 'off', 'rpiCameraShutter': 0, 'rpiCameraMetering': 'centre', 'rpiCameraGain': 0, 'rpiCameraEV': 0, 'rpiCameraROI': '', 'rpiCameraHDR': False, 'rpiCameraTuningFile': '', 'rpiCameraMode': '', 'rpiCameraFPS': 30, 'rpiCameraAfMode': 'continuous', 'rpiCameraAfRange': 'normal', 'rpiCameraAfSpeed': 'normal', 'rpiCameraLensPosition': 0, 'rpiCameraAfWindow': '', 'rpiCameraFlickerPeriod': 0, 'rpiCameraTextOverlayEnable': False, 'rpiCameraTextOverlay': '%Y-%m-%d %H:%M:%S - MediaMTX', 'rpiCameraCodec': 'auto', 'rpiCameraIDRPeriod': 60, 'rpiCameraBitrate': 5000000, 'rpiCameraHardwareH264Profile': 'main', 'rpiCameraHardwareH264Level': '4.1', 'rpiCameraSoftwareH264Profile': 'baseline', 'rpiCameraSoftwareH264Level': '4.1', 'rpiCameraMJPEGQuality': 60, 'runOnInit': '', 'runOnInitRestart': False, 'runOnDemand': '', 'runOnDemandRestart': False, 'runOnDemandStartTimeout': '10s', 'runOnDemandCloseAfter': '10s', 'runOnUnDemand': '', 'runOnReady': '', 'runOnReadyRestart': False, 'runOnNotReady': '', 'runOnRead': '', 'runOnReadRestart': False, 'runOnUnread': '', 'runOnRecordSegmentCreate': '', 'runOnRecordSegmentComplete': ''}
2025-10-04 12:03:34,500 - INFO - === END DEBUG ===
2025-10-04 12:03:34,500 - INFO - Found paths in 'items' key
2025-10-04 12:03:34,500 - INFO - Converted 4 paths from items
2025-10-04 12:03:34,500 - INFO - Extracted 4 paths:
2025-10-04 12:03:34,500 - INFO -   - all_others: publisher
2025-10-04 12:03:34,500 - INFO -   - cam1: rtsp://admin:N0vin-123PNR@192.168.50.27
2025-10-04 12:03:34,500 - INFO -   - camera3: rtsp://admin:N0vin-123PNR@192.168.50.27
2025-10-04 12:03:34,500 - INFO -   - camera4: rtsp://admin:admin1234@192.168.50.3
2025-10-04 12:03:34,500 - INFO - Processing 4 paths
2025-10-04 12:03:34,500 - INFO - Successfully read config file: ./mediamtx.yml
2025-10-04 12:03:34,500 - INFO - Found 'paths:' at line 115
2025-10-04 12:03:34,500 - INFO - Found 'all_others:' at line 122
2025-10-04 12:03:34,500 - INFO - Added path: cam1 -> rtsp://admin:N0vin-123PNR@192.168.50.27
2025-10-04 12:03:34,500 - INFO - Added path: camera3 -> rtsp://admin:N0vin-123PNR@192.168.50.27
2025-10-04 12:03:34,500 - INFO - Added path: camera4 -> rtsp://admin:admin1234@192.168.50.3
2025-10-04 12:03:34,500 - INFO - Successfully updated config file with 3 paths
2025-10-04 12:03:34,500 - INFO - Update completed successfully
2025-10-04 12:03:34,500 - INFO - Waiting 60 seconds until next update...
2025-10-04 12:04:34,500 - INFO - === Update iteration 35 ===
2025-10-04 12:04:34,501 - INFO - Attempting to connect to http://localhost:9997/v3/config/paths/list
2025-10-04 12:04:34,502 - INFO - Response status code: 200
2025-10-04 12:04:34,502 - INFO - Successfully parsed JSON response
2025-10-04 12:04:34,502 - INFO - === DEBUG: Response Structure ===
2025-10-04 12:04:34,502 - INFO - Type of config_data: <class 'dict'>
2025-10-04 12:04:34,502 - INFO - Keys in config_data: ['itemCount', 'pageCount', 'items']
2025-10-04 12:04:34,502 - INFO - 'items' key found with 4 items
2025-10-04 12:04:34,502 - INFO - First item in 'items': {'name': 'all_others', 'source': 'publisher', 'sourceFingerprint': '', 'sourceOnDemand': False, 'sourceOnDemandStartTimeout': '10s', 'sourceOnDemandCloseAfter': '10s', 'maxReaders': 0, 'srtReadPassphrase': '', 'fallback': '', 'useAbsoluteTimestamp': False, 'record': False, 'recordPath': '/recordings/%path/%Y-%m-%d_%H-%M-%S-%f', 'recordFormat': 'fmp4', 'recordPartDuration': '1s', 'recordMaxPartSize': '50M', 'recordSegmentDuration': '1h0m0s', 'recordDeleteAfter': '1d', 'overridePublisher': True, 'srtPublishPassphrase': '', 'rtspTransport': 'automatic', 'rtspAnyPort': False, 'rtspRangeType': '', 'rtspRangeStart': '', 'rtspUDPReadBufferSize': 0, 'mpegtsUDPReadBufferSize': 0, 'rtpSDP': '', 'rtpUDPReadBufferSize': 0, 'sourceRedirect': '', 'rpiCameraCamID': 0, 'rpiCameraSecondary': False, 'rpiCameraWidth': 1920, 'rpiCameraHeight': 1080, 'rpiCameraHFlip': False, 'rpiCameraVFlip': False, 'rpiCameraBrightness': 0, 'rpiCameraContrast': 1, 'rpiCameraSaturation': 1, 'rpiCameraSharpness': 1, 'rpiCameraExposure': 'normal', 'rpiCameraAWB': 'auto', 'rpiCameraAWBGains': [0, 0], 'rpiCameraDenoise': 'off', 'rpiCameraShutter': 0, 'rpiCameraMetering': 'centre', 'rpiCameraGain': 0, 'rpiCameraEV': 0, 'rpiCameraROI': '', 'rpiCameraHDR': False, 'rpiCameraTuningFile': '', 'rpiCameraMode': '', 'rpiCameraFPS': 30, 'rpiCameraAfMode': 'continuous', 'rpiCameraAfRange': 'normal', 'rpiCameraAfSpeed': 'normal', 'rpiCameraLensPosition': 0, 'rpiCameraAfWindow': '', 'rpiCameraFlickerPeriod': 0, 'rpiCameraTextOverlayEnable': False, 'rpiCameraTextOverlay': '%Y-%m-%d %H:%M:%S - MediaMTX', 'rpiCameraCodec': 'auto', 'rpiCameraIDRPeriod': 60, 'rpiCameraBitrate': 5000000, 'rpiCameraHardwareH264Profile': 'main', 'rpiCameraHardwareH264Level': '4.1', 'rpiCameraSoftwareH264Profile': 'baseline', 'rpiCameraSoftwareH264Level': '4.1', 'rpiCameraMJPEGQuality': 60, 'runOnInit': '', 'runOnInitRestart': False, 'runOnDemand': '', 'runOnDemandRestart': False, 'runOnDemandStartTimeout': '10s', 'runOnDemandCloseAfter': '10s', 'runOnUnDemand': '', 'runOnReady': '', 'runOnReadyRestart': False, 'runOnNotReady': '', 'runOnRead': '', 'runOnReadRestart': False, 'runOnUnread': '', 'runOnRecordSegmentCreate': '', 'runOnRecordSegmentComplete': ''}
2025-10-04 12:04:34,502 - INFO - === END DEBUG ===
2025-10-04 12:04:34,503 - INFO - Found paths in 'items' key
2025-10-04 12:04:34,503 - INFO - Converted 4 paths from items
2025-10-04 12:04:34,503 - INFO - Extracted 4 paths:
2025-10-04 12:04:34,503 - INFO -   - all_others: publisher
2025-10-04 12:04:34,503 - INFO -   - cam1: rtsp://admin:N0vin-123PNR@192.168.50.27
2025-10-04 12:04:34,503 - INFO -   - camera3: rtsp://admin:N0vin-123PNR@192.168.50.27
2025-10-04 12:04:34,503 - INFO -   - camera4: rtsp://admin:admin1234@192.168.50.3
2025-10-04 12:04:34,503 - INFO - Processing 4 paths
2025-10-04 12:04:34,503 - INFO - Successfully read config file: ./mediamtx.yml
2025-10-04 12:04:34,503 - INFO - Found 'paths:' at line 115
2025-10-04 12:04:34,503 - INFO - Found 'all_others:' at line 122
2025-10-04 12:04:34,503 - INFO - Added path: cam1 -> rtsp://admin:N0vin-123PNR@192.168.50.27
2025-10-04 12:04:34,503 - INFO - Added path: camera3 -> rtsp://admin:N0vin-123PNR@192.168.50.27
2025-10-04 12:04:34,503 - INFO - Added path: camera4 -> rtsp://admin:admin1234@192.168.50.3
2025-10-04 12:04:34,503 - INFO - Successfully updated config file with 3 paths
2025-10-04 12:04:34,503 - INFO - Update completed successfully
2025-10-04 12:04:34,503 - INFO - Waiting 60 seconds until next update...
2025-10-04 12:05:34,504 - INFO - === Update iteration 36 ===
2025-10-04 12:05:34,504 - INFO - Attempting to connect to http://localhost:9997/v3/config/paths/list
2025-10-04 12:05:34,506 - INFO - Response status code: 200
2025-10-04 12:05:34,506 - INFO - Successfully parsed JSON response
2025-10-04 12:05:34,506 - INFO - === DEBUG: Response Structure ===
2025-10-04 12:05:34,506 - INFO - Type of config_data: <class 'dict'>
2025-10-04 12:05:34,506 - INFO - Keys in config_data: ['itemCount', 'pageCount', 'items']
2025-10-04 12:05:34,506 - INFO - 'items' key found with 4 items
2025-10-04 12:05:34,506 - INFO - First item in 'items': {'name': 'all_others', 'source': 'publisher', 'sourceFingerprint': '', 'sourceOnDemand': False, 'sourceOnDemandStartTimeout': '10s', 'sourceOnDemandCloseAfter': '10s', 'maxReaders': 0, 'srtReadPassphrase': '', 'fallback': '', 'useAbsoluteTimestamp': False, 'record': False, 'recordPath': '/recordings/%path/%Y-%m-%d_%H-%M-%S-%f', 'recordFormat': 'fmp4', 'recordPartDuration': '1s', 'recordMaxPartSize': '50M', 'recordSegmentDuration': '1h0m0s', 'recordDeleteAfter': '1d', 'overridePublisher': True, 'srtPublishPassphrase': '', 'rtspTransport': 'automatic', 'rtspAnyPort': False, 'rtspRangeType': '', 'rtspRangeStart': '', 'rtspUDPReadBufferSize': 0, 'mpegtsUDPReadBufferSize': 0, 'rtpSDP': '', 'rtpUDPReadBufferSize': 0, 'sourceRedirect': '', 'rpiCameraCamID': 0, 'rpiCameraSecondary': False, 'rpiCameraWidth': 1920, 'rpiCameraHeight': 1080, 'rpiCameraHFlip': False, 'rpiCameraVFlip': False, 'rpiCameraBrightness': 0, 'rpiCameraContrast': 1, 'rpiCameraSaturation': 1, 'rpiCameraSharpness': 1, 'rpiCameraExposure': 'normal', 'rpiCameraAWB': 'auto', 'rpiCameraAWBGains': [0, 0], 'rpiCameraDenoise': 'off', 'rpiCameraShutter': 0, 'rpiCameraMetering': 'centre', 'rpiCameraGain': 0, 'rpiCameraEV': 0, 'rpiCameraROI': '', 'rpiCameraHDR': False, 'rpiCameraTuningFile': '', 'rpiCameraMode': '', 'rpiCameraFPS': 30, 'rpiCameraAfMode': 'continuous', 'rpiCameraAfRange': 'normal', 'rpiCameraAfSpeed': 'normal', 'rpiCameraLensPosition': 0, 'rpiCameraAfWindow': '', 'rpiCameraFlickerPeriod': 0, 'rpiCameraTextOverlayEnable': False, 'rpiCameraTextOverlay': '%Y-%m-%d %H:%M:%S - MediaMTX', 'rpiCameraCodec': 'auto', 'rpiCameraIDRPeriod': 60, 'rpiCameraBitrate': 5000000, 'rpiCameraHardwareH264Profile': 'main', 'rpiCameraHardwareH264Level': '4.1', 'rpiCameraSoftwareH264Profile': 'baseline', 'rpiCameraSoftwareH264Level': '4.1', 'rpiCameraMJPEGQuality': 60, 'runOnInit': '', 'runOnInitRestart': False, 'runOnDemand': '', 'runOnDemandRestart': False, 'runOnDemandStartTimeout': '10s', 'runOnDemandCloseAfter': '10s', 'runOnUnDemand': '', 'runOnReady': '', 'runOnReadyRestart': False, 'runOnNotReady': '', 'runOnRead': '', 'runOnReadRestart': False, 'runOnUnread': '', 'runOnRecordSegmentCreate': '', 'runOnRecordSegmentComplete': ''}
2025-10-04 12:05:34,506 - INFO - === END DEBUG ===
2025-10-04 12:05:34,506 - INFO - Found paths in 'items' key
2025-10-04 12:05:34,506 - INFO - Converted 4 paths from items
2025-10-04 12:05:34,506 - INFO - Extracted 4 paths:
2025-10-04 12:05:34,506 - INFO -   - all_others: publisher
2025-10-04 12:05:34,506 - INFO -   - cam1: rtsp://admin:N0vin-123PNR@192.168.50.27
2025-10-04 12:05:34,506 - INFO -   - camera3: rtsp://admin:N0vin-123PNR@192.168.50.27
2025-10-04 12:05:34,506 - INFO -   - camera4: rtsp://admin:admin1234@192.168.50.3
2025-10-04 12:05:34,506 - INFO - Processing 4 paths
2025-10-04 12:05:34,507 - INFO - Successfully read config file: ./mediamtx.yml
2025-10-04 12:05:34,507 - INFO - Found 'paths:' at line 115
2025-10-04 12:05:34,507 - INFO - Found 'all_others:' at line 122
2025-10-04 12:05:34,507 - INFO - Added path: cam1 -> rtsp://admin:N0vin-123PNR@192.168.50.27
2025-10-04 12:05:34,507 - INFO - Added path: camera3 -> rtsp://admin:N0vin-123PNR@192.168.50.27
2025-10-04 12:05:34,507 - INFO - Added path: camera4 -> rtsp://admin:admin1234@192.168.50.3
2025-10-04 12:05:34,507 - INFO - Successfully updated config file with 3 paths
2025-10-04 12:05:34,507 - INFO - Update completed successfully
2025-10-04 12:05:34,507 - INFO - Waiting 60 seconds until next update...
2025-10-04 12:06:34,507 - INFO - === Update iteration 37 ===
2025-10-04 12:06:34,507 - INFO - Attempting to connect to http://localhost:9997/v3/config/paths/list
2025-10-04 12:06:34,509 - INFO - Response status code: 200
2025-10-04 12:06:34,509 - INFO - Successfully parsed JSON response
2025-10-04 12:06:34,509 - INFO - === DEBUG: Response Structure ===
2025-10-04 12:06:34,509 - INFO - Type of config_data: <class 'dict'>
2025-10-04 12:06:34,509 - INFO - Keys in config_data: ['itemCount', 'pageCount', 'items']
2025-10-04 12:06:34,510 - INFO - 'items' key found with 4 items
2025-10-04 12:06:34,510 - INFO - First item in 'items': {'name': 'all_others', 'source': 'publisher', 'sourceFingerprint': '', 'sourceOnDemand': False, 'sourceOnDemandStartTimeout': '10s', 'sourceOnDemandCloseAfter': '10s', 'maxReaders': 0, 'srtReadPassphrase': '', 'fallback': '', 'useAbsoluteTimestamp': False, 'record': False, 'recordPath': '/recordings/%path/%Y-%m-%d_%H-%M-%S-%f', 'recordFormat': 'fmp4', 'recordPartDuration': '1s', 'recordMaxPartSize': '50M', 'recordSegmentDuration': '1h0m0s', 'recordDeleteAfter': '1d', 'overridePublisher': True, 'srtPublishPassphrase': '', 'rtspTransport': 'automatic', 'rtspAnyPort': False, 'rtspRangeType': '', 'rtspRangeStart': '', 'rtspUDPReadBufferSize': 0, 'mpegtsUDPReadBufferSize': 0, 'rtpSDP': '', 'rtpUDPReadBufferSize': 0, 'sourceRedirect': '', 'rpiCameraCamID': 0, 'rpiCameraSecondary': False, 'rpiCameraWidth': 1920, 'rpiCameraHeight': 1080, 'rpiCameraHFlip': False, 'rpiCameraVFlip': False, 'rpiCameraBrightness': 0, 'rpiCameraContrast': 1, 'rpiCameraSaturation': 1, 'rpiCameraSharpness': 1, 'rpiCameraExposure': 'normal', 'rpiCameraAWB': 'auto', 'rpiCameraAWBGains': [0, 0], 'rpiCameraDenoise': 'off', 'rpiCameraShutter': 0, 'rpiCameraMetering': 'centre', 'rpiCameraGain': 0, 'rpiCameraEV': 0, 'rpiCameraROI': '', 'rpiCameraHDR': False, 'rpiCameraTuningFile': '', 'rpiCameraMode': '', 'rpiCameraFPS': 30, 'rpiCameraAfMode': 'continuous', 'rpiCameraAfRange': 'normal', 'rpiCameraAfSpeed': 'normal', 'rpiCameraLensPosition': 0, 'rpiCameraAfWindow': '', 'rpiCameraFlickerPeriod': 0, 'rpiCameraTextOverlayEnable': False, 'rpiCameraTextOverlay': '%Y-%m-%d %H:%M:%S - MediaMTX', 'rpiCameraCodec': 'auto', 'rpiCameraIDRPeriod': 60, 'rpiCameraBitrate': 5000000, 'rpiCameraHardwareH264Profile': 'main', 'rpiCameraHardwareH264Level': '4.1', 'rpiCameraSoftwareH264Profile': 'baseline', 'rpiCameraSoftwareH264Level': '4.1', 'rpiCameraMJPEGQuality': 60, 'runOnInit': '', 'runOnInitRestart': False, 'runOnDemand': '', 'runOnDemandRestart': False, 'runOnDemandStartTimeout': '10s', 'runOnDemandCloseAfter': '10s', 'runOnUnDemand': '', 'runOnReady': '', 'runOnReadyRestart': False, 'runOnNotReady': '', 'runOnRead': '', 'runOnReadRestart': False, 'runOnUnread': '', 'runOnRecordSegmentCreate': '', 'runOnRecordSegmentComplete': ''}
2025-10-04 12:06:34,510 - INFO - === END DEBUG ===
2025-10-04 12:06:34,510 - INFO - Found paths in 'items' key
2025-10-04 12:06:34,510 - INFO - Converted 4 paths from items
2025-10-04 12:06:34,510 - INFO - Extracted 4 paths:
2025-10-04 12:06:34,510 - INFO -   - all_others: publisher
2025-10-04 12:06:34,510 - INFO -   - cam1: rtsp://admin:N0vin-123PNR@192.168.50.27
2025-10-04 12:06:34,510 - INFO -   - camera3: rtsp://admin:N0vin-123PNR@192.168.50.27
2025-10-04 12:06:34,510 - INFO -   - camera4: rtsp://admin:admin1234@192.168.50.3
2025-10-04 12:06:34,510 - INFO - Processing 4 paths
2025-10-04 12:06:34,510 - INFO - Successfully read config file: ./mediamtx.yml
2025-10-04 12:06:34,510 - INFO - Found 'paths:' at line 115
2025-10-04 12:06:34,510 - INFO - Found 'all_others:' at line 122
2025-10-04 12:06:34,510 - INFO - Added path: cam1 -> rtsp://admin:N0vin-123PNR@192.168.50.27
2025-10-04 12:06:34,510 - INFO - Added path: camera3 -> rtsp://admin:N0vin-123PNR@192.168.50.27
2025-10-04 12:06:34,510 - INFO - Added path: camera4 -> rtsp://admin:admin1234@192.168.50.3
2025-10-04 12:06:34,510 - INFO - Successfully updated config file with 3 paths
2025-10-04 12:06:34,510 - INFO - Update completed successfully
2025-10-04 12:06:34,510 - INFO - Waiting 60 seconds until next update...
2025-10-04 12:07:34,511 - INFO - === Update iteration 38 ===
2025-10-04 12:07:34,511 - INFO - Attempting to connect to http://localhost:9997/v3/config/paths/list
2025-10-04 12:07:34,513 - INFO - Response status code: 200
2025-10-04 12:07:34,513 - INFO - Successfully parsed JSON response
2025-10-04 12:07:34,513 - INFO - === DEBUG: Response Structure ===
2025-10-04 12:07:34,513 - INFO - Type of config_data: <class 'dict'>
2025-10-04 12:07:34,513 - INFO - Keys in config_data: ['itemCount', 'pageCount', 'items']
2025-10-04 12:07:34,513 - INFO - 'items' key found with 6 items
2025-10-04 12:07:34,513 - INFO - First item in 'items': {'name': 'all_others', 'source': 'publisher', 'sourceFingerprint': '', 'sourceOnDemand': False, 'sourceOnDemandStartTimeout': '10s', 'sourceOnDemandCloseAfter': '10s', 'maxReaders': 0, 'srtReadPassphrase': '', 'fallback': '', 'useAbsoluteTimestamp': False, 'record': False, 'recordPath': '/recordings/%path/%Y-%m-%d_%H-%M-%S-%f', 'recordFormat': 'fmp4', 'recordPartDuration': '1s', 'recordMaxPartSize': '50M', 'recordSegmentDuration': '1h0m0s', 'recordDeleteAfter': '1d', 'overridePublisher': True, 'srtPublishPassphrase': '', 'rtspTransport': 'automatic', 'rtspAnyPort': False, 'rtspRangeType': '', 'rtspRangeStart': '', 'rtspUDPReadBufferSize': 0, 'mpegtsUDPReadBufferSize': 0, 'rtpSDP': '', 'rtpUDPReadBufferSize': 0, 'sourceRedirect': '', 'rpiCameraCamID': 0, 'rpiCameraSecondary': False, 'rpiCameraWidth': 1920, 'rpiCameraHeight': 1080, 'rpiCameraHFlip': False, 'rpiCameraVFlip': False, 'rpiCameraBrightness': 0, 'rpiCameraContrast': 1, 'rpiCameraSaturation': 1, 'rpiCameraSharpness': 1, 'rpiCameraExposure': 'normal', 'rpiCameraAWB': 'auto', 'rpiCameraAWBGains': [0, 0], 'rpiCameraDenoise': 'off', 'rpiCameraShutter': 0, 'rpiCameraMetering': 'centre', 'rpiCameraGain': 0, 'rpiCameraEV': 0, 'rpiCameraROI': '', 'rpiCameraHDR': False, 'rpiCameraTuningFile': '', 'rpiCameraMode': '', 'rpiCameraFPS': 30, 'rpiCameraAfMode': 'continuous', 'rpiCameraAfRange': 'normal', 'rpiCameraAfSpeed': 'normal', 'rpiCameraLensPosition': 0, 'rpiCameraAfWindow': '', 'rpiCameraFlickerPeriod': 0, 'rpiCameraTextOverlayEnable': False, 'rpiCameraTextOverlay': '%Y-%m-%d %H:%M:%S - MediaMTX', 'rpiCameraCodec': 'auto', 'rpiCameraIDRPeriod': 60, 'rpiCameraBitrate': 5000000, 'rpiCameraHardwareH264Profile': 'main', 'rpiCameraHardwareH264Level': '4.1', 'rpiCameraSoftwareH264Profile': 'baseline', 'rpiCameraSoftwareH264Level': '4.1', 'rpiCameraMJPEGQuality': 60, 'runOnInit': '', 'runOnInitRestart': False, 'runOnDemand': '', 'runOnDemandRestart': False, 'runOnDemandStartTimeout': '10s', 'runOnDemandCloseAfter': '10s', 'runOnUnDemand': '', 'runOnReady': '', 'runOnReadyRestart': False, 'runOnNotReady': '', 'runOnRead': '', 'runOnReadRestart': False, 'runOnUnread': '', 'runOnRecordSegmentCreate': '', 'runOnRecordSegmentComplete': ''}
2025-10-04 12:07:34,513 - INFO - === END DEBUG ===
2025-10-04 12:07:34,513 - INFO - Found paths in 'items' key
2025-10-04 12:07:34,513 - INFO - Converted 6 paths from items
2025-10-04 12:07:34,513 - INFO - Extracted 6 paths:
2025-10-04 12:07:34,513 - INFO -   - all_others: publisher
2025-10-04 12:07:34,513 - INFO -   - cam1: rtsp://admin:N0vin-123PNR@192.168.50.27
2025-10-04 12:07:34,513 - INFO -   - camera2: rtsp://admin:N0vin-123PNR@192.168.50.27
2025-10-04 12:07:34,513 - INFO -   - camera3: rtsp://admin:N0vin-123PNR@192.168.50.27
2025-10-04 12:07:34,513 - INFO -   - camera4: rtsp://admin:admin1234@192.168.50.3
2025-10-04 12:07:34,513 - INFO -   ... and 1 more paths
2025-10-04 12:07:34,513 - INFO - Processing 6 paths
2025-10-04 12:07:34,513 - INFO - Successfully read config file: ./mediamtx.yml
2025-10-04 12:07:34,513 - INFO - Found 'paths:' at line 115
2025-10-04 12:07:34,513 - INFO - Found 'all_others:' at line 122
2025-10-04 12:07:34,513 - INFO - Added path: cam1 -> rtsp://admin:N0vin-123PNR@192.168.50.27
2025-10-04 12:07:34,513 - INFO - Added path: camera2 -> rtsp://admin:N0vin-123PNR@192.168.50.27
2025-10-04 12:07:34,514 - INFO - Added path: camera3 -> rtsp://admin:N0vin-123PNR@192.168.50.27
2025-10-04 12:07:34,514 - INFO - Added path: camera4 -> rtsp://admin:admin1234@192.168.50.3
2025-10-04 12:07:34,514 - INFO - Added path: camera5 -> rtsp://admin:N0vin-123PNR@192.168.50.27
2025-10-04 12:07:34,514 - INFO - Successfully updated config file with 5 paths
2025-10-04 12:07:34,514 - INFO - Update completed successfully
2025-10-04 12:07:34,514 - INFO - Waiting 60 seconds until next update...
2025-10-04 12:08:34,514 - INFO - === Update iteration 39 ===
2025-10-04 12:08:34,514 - INFO - Attempting to connect to http://localhost:9997/v3/config/paths/list
2025-10-04 12:08:34,515 - INFO - Response status code: 200
2025-10-04 12:08:34,515 - INFO - Successfully parsed JSON response
2025-10-04 12:08:34,515 - INFO - === DEBUG: Response Structure ===
2025-10-04 12:08:34,515 - INFO - Type of config_data: <class 'dict'>
2025-10-04 12:08:34,515 - INFO - Keys in config_data: ['itemCount', 'pageCount', 'items']
2025-10-04 12:08:34,515 - INFO - 'items' key found with 6 items
2025-10-04 12:08:34,515 - INFO - First item in 'items': {'name': 'all_others', 'source': 'publisher', 'sourceFingerprint': '', 'sourceOnDemand': False, 'sourceOnDemandStartTimeout': '10s', 'sourceOnDemandCloseAfter': '10s', 'maxReaders': 0, 'srtReadPassphrase': '', 'fallback': '', 'useAbsoluteTimestamp': False, 'record': False, 'recordPath': '/recordings/%path/%Y-%m-%d_%H-%M-%S-%f', 'recordFormat': 'fmp4', 'recordPartDuration': '1s', 'recordMaxPartSize': '50M', 'recordSegmentDuration': '1h0m0s', 'recordDeleteAfter': '1d', 'overridePublisher': True, 'srtPublishPassphrase': '', 'rtspTransport': 'automatic', 'rtspAnyPort': False, 'rtspRangeType': '', 'rtspRangeStart': '', 'rtspUDPReadBufferSize': 0, 'mpegtsUDPReadBufferSize': 0, 'rtpSDP': '', 'rtpUDPReadBufferSize': 0, 'sourceRedirect': '', 'rpiCameraCamID': 0, 'rpiCameraSecondary': False, 'rpiCameraWidth': 1920, 'rpiCameraHeight': 1080, 'rpiCameraHFlip': False, 'rpiCameraVFlip': False, 'rpiCameraBrightness': 0, 'rpiCameraContrast': 1, 'rpiCameraSaturation': 1, 'rpiCameraSharpness': 1, 'rpiCameraExposure': 'normal', 'rpiCameraAWB': 'auto', 'rpiCameraAWBGains': [0, 0], 'rpiCameraDenoise': 'off', 'rpiCameraShutter': 0, 'rpiCameraMetering': 'centre', 'rpiCameraGain': 0, 'rpiCameraEV': 0, 'rpiCameraROI': '', 'rpiCameraHDR': False, 'rpiCameraTuningFile': '', 'rpiCameraMode': '', 'rpiCameraFPS': 30, 'rpiCameraAfMode': 'continuous', 'rpiCameraAfRange': 'normal', 'rpiCameraAfSpeed': 'normal', 'rpiCameraLensPosition': 0, 'rpiCameraAfWindow': '', 'rpiCameraFlickerPeriod': 0, 'rpiCameraTextOverlayEnable': False, 'rpiCameraTextOverlay': '%Y-%m-%d %H:%M:%S - MediaMTX', 'rpiCameraCodec': 'auto', 'rpiCameraIDRPeriod': 60, 'rpiCameraBitrate': 5000000, 'rpiCameraHardwareH264Profile': 'main', 'rpiCameraHardwareH264Level': '4.1', 'rpiCameraSoftwareH264Profile': 'baseline', 'rpiCameraSoftwareH264Level': '4.1', 'rpiCameraMJPEGQuality': 60, 'runOnInit': '', 'runOnInitRestart': False, 'runOnDemand': '', 'runOnDemandRestart': False, 'runOnDemandStartTimeout': '10s', 'runOnDemandCloseAfter': '10s', 'runOnUnDemand': '', 'runOnReady': '', 'runOnReadyRestart': False, 'runOnNotReady': '', 'runOnRead': '', 'runOnReadRestart': False, 'runOnUnread': '', 'runOnRecordSegmentCreate': '', 'runOnRecordSegmentComplete': ''}
2025-10-04 12:08:34,515 - INFO - === END DEBUG ===
2025-10-04 12:08:34,516 - INFO - Found paths in 'items' key
2025-10-04 12:08:34,516 - INFO - Converted 6 paths from items
2025-10-04 12:08:34,516 - INFO - Extracted 6 paths:
2025-10-04 12:08:34,516 - INFO -   - all_others: publisher
2025-10-04 12:08:34,516 - INFO -   - cam1: rtsp://admin:N0vin-123PNR@192.168.50.27
2025-10-04 12:08:34,516 - INFO -   - camera2: rtsp://admin:N0vin-123PNR@192.168.50.27
2025-10-04 12:08:34,516 - INFO -   - camera3: rtsp://admin:N0vin-123PNR@192.168.50.27
2025-10-04 12:08:34,516 - INFO -   - camera4: rtsp://admin:admin1234@192.168.50.3
2025-10-04 12:08:34,516 - INFO -   ... and 1 more paths
2025-10-04 12:08:34,516 - INFO - Processing 6 paths
2025-10-04 12:08:34,516 - INFO - Successfully read config file: ./mediamtx.yml
2025-10-04 12:08:34,516 - INFO - Found 'paths:' at line 115
2025-10-04 12:08:34,516 - INFO - Found 'all_others:' at line 126
2025-10-04 12:08:34,516 - INFO - Added path: cam1 -> rtsp://admin:N0vin-123PNR@192.168.50.27
2025-10-04 12:08:34,516 - INFO - Added path: camera2 -> rtsp://admin:N0vin-123PNR@192.168.50.27
2025-10-04 12:08:34,516 - INFO - Added path: camera3 -> rtsp://admin:N0vin-123PNR@192.168.50.27
2025-10-04 12:08:34,516 - INFO - Added path: camera4 -> rtsp://admin:admin1234@192.168.50.3
2025-10-04 12:08:34,516 - INFO - Added path: camera5 -> rtsp://admin:N0vin-123PNR@192.168.50.27
2025-10-04 12:08:34,516 - INFO - Successfully updated config file with 5 paths
2025-10-04 12:08:34,516 - INFO - Update completed successfully
2025-10-04 12:08:34,516 - INFO - Waiting 60 seconds until next update...
2025-10-04 12:09:34,516 - INFO - === Update iteration 40 ===
2025-10-04 12:09:34,516 - INFO - Attempting to connect to http://localhost:9997/v3/config/paths/list
2025-10-04 12:09:34,518 - INFO - Response status code: 200
2025-10-04 12:09:34,518 - INFO - Successfully parsed JSON response
2025-10-04 12:09:34,518 - INFO - === DEBUG: Response Structure ===
2025-10-04 12:09:34,518 - INFO - Type of config_data: <class 'dict'>
2025-10-04 12:09:34,518 - INFO - Keys in config_data: ['itemCount', 'pageCount', 'items']
2025-10-04 12:09:34,518 - INFO - 'items' key found with 7 items
2025-10-04 12:09:34,518 - INFO - First item in 'items': {'name': 'all_others', 'source': 'publisher', 'sourceFingerprint': '', 'sourceOnDemand': False, 'sourceOnDemandStartTimeout': '10s', 'sourceOnDemandCloseAfter': '10s', 'maxReaders': 0, 'srtReadPassphrase': '', 'fallback': '', 'useAbsoluteTimestamp': False, 'record': False, 'recordPath': '/recordings/%path/%Y-%m-%d_%H-%M-%S-%f', 'recordFormat': 'fmp4', 'recordPartDuration': '1s', 'recordMaxPartSize': '50M', 'recordSegmentDuration': '1h0m0s', 'recordDeleteAfter': '1d', 'overridePublisher': True, 'srtPublishPassphrase': '', 'rtspTransport': 'automatic', 'rtspAnyPort': False, 'rtspRangeType': '', 'rtspRangeStart': '', 'rtspUDPReadBufferSize': 0, 'mpegtsUDPReadBufferSize': 0, 'rtpSDP': '', 'rtpUDPReadBufferSize': 0, 'sourceRedirect': '', 'rpiCameraCamID': 0, 'rpiCameraSecondary': False, 'rpiCameraWidth': 1920, 'rpiCameraHeight': 1080, 'rpiCameraHFlip': False, 'rpiCameraVFlip': False, 'rpiCameraBrightness': 0, 'rpiCameraContrast': 1, 'rpiCameraSaturation': 1, 'rpiCameraSharpness': 1, 'rpiCameraExposure': 'normal', 'rpiCameraAWB': 'auto', 'rpiCameraAWBGains': [0, 0], 'rpiCameraDenoise': 'off', 'rpiCameraShutter': 0, 'rpiCameraMetering': 'centre', 'rpiCameraGain': 0, 'rpiCameraEV': 0, 'rpiCameraROI': '', 'rpiCameraHDR': False, 'rpiCameraTuningFile': '', 'rpiCameraMode': '', 'rpiCameraFPS': 30, 'rpiCameraAfMode': 'continuous', 'rpiCameraAfRange': 'normal', 'rpiCameraAfSpeed': 'normal', 'rpiCameraLensPosition': 0, 'rpiCameraAfWindow': '', 'rpiCameraFlickerPeriod': 0, 'rpiCameraTextOverlayEnable': False, 'rpiCameraTextOverlay': '%Y-%m-%d %H:%M:%S - MediaMTX', 'rpiCameraCodec': 'auto', 'rpiCameraIDRPeriod': 60, 'rpiCameraBitrate': 5000000, 'rpiCameraHardwareH264Profile': 'main', 'rpiCameraHardwareH264Level': '4.1', 'rpiCameraSoftwareH264Profile': 'baseline', 'rpiCameraSoftwareH264Level': '4.1', 'rpiCameraMJPEGQuality': 60, 'runOnInit': '', 'runOnInitRestart': False, 'runOnDemand': '', 'runOnDemandRestart': False, 'runOnDemandStartTimeout': '10s', 'runOnDemandCloseAfter': '10s', 'runOnUnDemand': '', 'runOnReady': '', 'runOnReadyRestart': False, 'runOnNotReady': '', 'runOnRead': '', 'runOnReadRestart': False, 'runOnUnread': '', 'runOnRecordSegmentCreate': '', 'runOnRecordSegmentComplete': ''}
2025-10-04 12:09:34,518 - INFO - === END DEBUG ===
2025-10-04 12:09:34,518 - INFO - Found paths in 'items' key
2025-10-04 12:09:34,518 - INFO - Converted 7 paths from items
2025-10-04 12:09:34,518 - INFO - Extracted 7 paths:
2025-10-04 12:09:34,518 - INFO -   - all_others: publisher
2025-10-04 12:09:34,518 - INFO -   - cam1: rtsp://admin:N0vin-123PNR@192.168.50.27
2025-10-04 12:09:34,518 - INFO -   - camera2: rtsp://admin:N0vin-123PNR@192.168.50.27
2025-10-04 12:09:34,518 - INFO -   - camera3: rtsp://admin:N0vin-123PNR@192.168.50.27
2025-10-04 12:09:34,518 - INFO -   - camera4: rtsp://admin:admin1234@192.168.50.3
2025-10-04 12:09:34,518 - INFO -   ... and 2 more paths
2025-10-04 12:09:34,518 - INFO - Processing 7 paths
2025-10-04 12:09:34,518 - INFO - Successfully read config file: ./mediamtx.yml
2025-10-04 12:09:34,518 - INFO - Found 'paths:' at line 115
2025-10-04 12:09:34,518 - INFO - Found 'all_others:' at line 126
2025-10-04 12:09:34,518 - INFO - Added path: cam1 -> rtsp://admin:N0vin-123PNR@192.168.50.27
2025-10-04 12:09:34,518 - INFO - Added path: camera2 -> rtsp://admin:N0vin-123PNR@192.168.50.27
2025-10-04 12:09:34,518 - INFO - Added path: camera3 -> rtsp://admin:N0vin-123PNR@192.168.50.27
2025-10-04 12:09:34,518 - INFO - Added path: camera4 -> rtsp://admin:admin1234@192.168.50.3
2025-10-04 12:09:34,518 - INFO - Added path: camera5 -> rtsp://admin:N0vin-123PNR@192.168.50.27
2025-10-04 12:09:34,518 - INFO - Added path: camera6 -> rtsp://admin:N0vin-123PNR@192.168.50.26
2025-10-04 12:09:34,518 - INFO - Successfully updated config file with 6 paths
2025-10-04 12:09:34,518 - INFO - Update completed successfully
2025-10-04 12:09:34,518 - INFO - Waiting 60 seconds until next update...
2025-10-04 12:10:34,519 - INFO - === Update iteration 41 ===
2025-10-04 12:10:34,519 - INFO - Attempting to connect to http://localhost:9997/v3/config/paths/list
2025-10-04 12:10:34,520 - INFO - Response status code: 200
2025-10-04 12:10:34,520 - INFO - Successfully parsed JSON response
2025-10-04 12:10:34,520 - INFO - === DEBUG: Response Structure ===
2025-10-04 12:10:34,520 - INFO - Type of config_data: <class 'dict'>
2025-10-04 12:10:34,520 - INFO - Keys in config_data: ['itemCount', 'pageCount', 'items']
2025-10-04 12:10:34,520 - INFO - 'items' key found with 7 items
2025-10-04 12:10:34,520 - INFO - First item in 'items': {'name': 'all_others', 'source': 'publisher', 'sourceFingerprint': '', 'sourceOnDemand': False, 'sourceOnDemandStartTimeout': '10s', 'sourceOnDemandCloseAfter': '10s', 'maxReaders': 0, 'srtReadPassphrase': '', 'fallback': '', 'useAbsoluteTimestamp': False, 'record': False, 'recordPath': '/recordings/%path/%Y-%m-%d_%H-%M-%S-%f', 'recordFormat': 'fmp4', 'recordPartDuration': '1s', 'recordMaxPartSize': '50M', 'recordSegmentDuration': '1h0m0s', 'recordDeleteAfter': '1d', 'overridePublisher': True, 'srtPublishPassphrase': '', 'rtspTransport': 'automatic', 'rtspAnyPort': False, 'rtspRangeType': '', 'rtspRangeStart': '', 'rtspUDPReadBufferSize': 0, 'mpegtsUDPReadBufferSize': 0, 'rtpSDP': '', 'rtpUDPReadBufferSize': 0, 'sourceRedirect': '', 'rpiCameraCamID': 0, 'rpiCameraSecondary': False, 'rpiCameraWidth': 1920, 'rpiCameraHeight': 1080, 'rpiCameraHFlip': False, 'rpiCameraVFlip': False, 'rpiCameraBrightness': 0, 'rpiCameraContrast': 1, 'rpiCameraSaturation': 1, 'rpiCameraSharpness': 1, 'rpiCameraExposure': 'normal', 'rpiCameraAWB': 'auto', 'rpiCameraAWBGains': [0, 0], 'rpiCameraDenoise': 'off', 'rpiCameraShutter': 0, 'rpiCameraMetering': 'centre', 'rpiCameraGain': 0, 'rpiCameraEV': 0, 'rpiCameraROI': '', 'rpiCameraHDR': False, 'rpiCameraTuningFile': '', 'rpiCameraMode': '', 'rpiCameraFPS': 30, 'rpiCameraAfMode': 'continuous', 'rpiCameraAfRange': 'normal', 'rpiCameraAfSpeed': 'normal', 'rpiCameraLensPosition': 0, 'rpiCameraAfWindow': '', 'rpiCameraFlickerPeriod': 0, 'rpiCameraTextOverlayEnable': False, 'rpiCameraTextOverlay': '%Y-%m-%d %H:%M:%S - MediaMTX', 'rpiCameraCodec': 'auto', 'rpiCameraIDRPeriod': 60, 'rpiCameraBitrate': 5000000, 'rpiCameraHardwareH264Profile': 'main', 'rpiCameraHardwareH264Level': '4.1', 'rpiCameraSoftwareH264Profile': 'baseline', 'rpiCameraSoftwareH264Level': '4.1', 'rpiCameraMJPEGQuality': 60, 'runOnInit': '', 'runOnInitRestart': False, 'runOnDemand': '', 'runOnDemandRestart': False, 'runOnDemandStartTimeout': '10s', 'runOnDemandCloseAfter': '10s', 'runOnUnDemand': '', 'runOnReady': '', 'runOnReadyRestart': False, 'runOnNotReady': '', 'runOnRead': '', 'runOnReadRestart': False, 'runOnUnread': '', 'runOnRecordSegmentCreate': '', 'runOnRecordSegmentComplete': ''}
2025-10-04 12:10:34,520 - INFO - === END DEBUG ===
2025-10-04 12:10:34,520 - INFO - Found paths in 'items' key
2025-10-04 12:10:34,520 - INFO - Converted 7 paths from items
2025-10-04 12:10:34,520 - INFO - Extracted 7 paths:
2025-10-04 12:10:34,520 - INFO -   - all_others: publisher
2025-10-04 12:10:34,520 - INFO -   - cam1: rtsp://admin:N0vin-123PNR@192.168.50.27
2025-10-04 12:10:34,520 - INFO -   - camera2: rtsp://admin:N0vin-123PNR@192.168.50.27
2025-10-04 12:10:34,520 - INFO -   - camera3: rtsp://admin:N0vin-123PNR@192.168.50.27
2025-10-04 12:10:34,520 - INFO -   - camera4: rtsp://admin:admin1234@192.168.50.3
2025-10-04 12:10:34,520 - INFO -   ... and 2 more paths
2025-10-04 12:10:34,520 - INFO - Processing 7 paths
2025-10-04 12:10:34,521 - INFO - Successfully read config file: ./mediamtx.yml
2025-10-04 12:10:34,521 - INFO - Found 'paths:' at line 115
2025-10-04 12:10:34,521 - INFO - Found 'all_others:' at line 128
2025-10-04 12:10:34,521 - INFO - Added path: cam1 -> rtsp://admin:N0vin-123PNR@192.168.50.27
2025-10-04 12:10:34,521 - INFO - Added path: camera2 -> rtsp://admin:N0vin-123PNR@192.168.50.27
2025-10-04 12:10:34,521 - INFO - Added path: camera3 -> rtsp://admin:N0vin-123PNR@192.168.50.27
2025-10-04 12:10:34,521 - INFO - Added path: camera4 -> rtsp://admin:admin1234@192.168.50.3
2025-10-04 12:10:34,521 - INFO - Added path: camera5 -> rtsp://admin:N0vin-123PNR@192.168.50.27
2025-10-04 12:10:34,521 - INFO - Added path: camera6 -> rtsp://admin:N0vin-123PNR@192.168.50.26
2025-10-04 12:10:34,521 - INFO - Successfully updated config file with 6 paths
2025-10-04 12:10:34,521 - INFO - Update completed successfully
2025-10-04 12:10:34,521 - INFO - Waiting 60 seconds until next update...
2025-10-04 12:11:34,521 - INFO - === Update iteration 42 ===
2025-10-04 12:11:34,521 - INFO - Attempting to connect to http://localhost:9997/v3/config/paths/list
2025-10-04 12:11:34,523 - INFO - Response status code: 200
2025-10-04 12:11:34,523 - INFO - Successfully parsed JSON response
2025-10-04 12:11:34,523 - INFO - === DEBUG: Response Structure ===
2025-10-04 12:11:34,523 - INFO - Type of config_data: <class 'dict'>
2025-10-04 12:11:34,523 - INFO - Keys in config_data: ['itemCount', 'pageCount', 'items']
2025-10-04 12:11:34,523 - INFO - 'items' key found with 7 items
2025-10-04 12:11:34,523 - INFO - First item in 'items': {'name': 'all_others', 'source': 'publisher', 'sourceFingerprint': '', 'sourceOnDemand': False, 'sourceOnDemandStartTimeout': '10s', 'sourceOnDemandCloseAfter': '10s', 'maxReaders': 0, 'srtReadPassphrase': '', 'fallback': '', 'useAbsoluteTimestamp': False, 'record': False, 'recordPath': '/recordings/%path/%Y-%m-%d_%H-%M-%S-%f', 'recordFormat': 'fmp4', 'recordPartDuration': '1s', 'recordMaxPartSize': '50M', 'recordSegmentDuration': '1h0m0s', 'recordDeleteAfter': '1d', 'overridePublisher': True, 'srtPublishPassphrase': '', 'rtspTransport': 'automatic', 'rtspAnyPort': False, 'rtspRangeType': '', 'rtspRangeStart': '', 'rtspUDPReadBufferSize': 0, 'mpegtsUDPReadBufferSize': 0, 'rtpSDP': '', 'rtpUDPReadBufferSize': 0, 'sourceRedirect': '', 'rpiCameraCamID': 0, 'rpiCameraSecondary': False, 'rpiCameraWidth': 1920, 'rpiCameraHeight': 1080, 'rpiCameraHFlip': False, 'rpiCameraVFlip': False, 'rpiCameraBrightness': 0, 'rpiCameraContrast': 1, 'rpiCameraSaturation': 1, 'rpiCameraSharpness': 1, 'rpiCameraExposure': 'normal', 'rpiCameraAWB': 'auto', 'rpiCameraAWBGains': [0, 0], 'rpiCameraDenoise': 'off', 'rpiCameraShutter': 0, 'rpiCameraMetering': 'centre', 'rpiCameraGain': 0, 'rpiCameraEV': 0, 'rpiCameraROI': '', 'rpiCameraHDR': False, 'rpiCameraTuningFile': '', 'rpiCameraMode': '', 'rpiCameraFPS': 30, 'rpiCameraAfMode': 'continuous', 'rpiCameraAfRange': 'normal', 'rpiCameraAfSpeed': 'normal', 'rpiCameraLensPosition': 0, 'rpiCameraAfWindow': '', 'rpiCameraFlickerPeriod': 0, 'rpiCameraTextOverlayEnable': False, 'rpiCameraTextOverlay': '%Y-%m-%d %H:%M:%S - MediaMTX', 'rpiCameraCodec': 'auto', 'rpiCameraIDRPeriod': 60, 'rpiCameraBitrate': 5000000, 'rpiCameraHardwareH264Profile': 'main', 'rpiCameraHardwareH264Level': '4.1', 'rpiCameraSoftwareH264Profile': 'baseline', 'rpiCameraSoftwareH264Level': '4.1', 'rpiCameraMJPEGQuality': 60, 'runOnInit': '', 'runOnInitRestart': False, 'runOnDemand': '', 'runOnDemandRestart': False, 'runOnDemandStartTimeout': '10s', 'runOnDemandCloseAfter': '10s', 'runOnUnDemand': '', 'runOnReady': '', 'runOnReadyRestart': False, 'runOnNotReady': '', 'runOnRead': '', 'runOnReadRestart': False, 'runOnUnread': '', 'runOnRecordSegmentCreate': '', 'runOnRecordSegmentComplete': ''}
2025-10-04 12:11:34,523 - INFO - === END DEBUG ===
2025-10-04 12:11:34,523 - INFO - Found paths in 'items' key
2025-10-04 12:11:34,523 - INFO - Converted 7 paths from items
2025-10-04 12:11:34,523 - INFO - Extracted 7 paths:
2025-10-04 12:11:34,523 - INFO -   - all_others: publisher
2025-10-04 12:11:34,523 - INFO -   - cam1: rtsp://admin:N0vin-123PNR@192.168.50.27
2025-10-04 12:11:34,523 - INFO -   - camera2: rtsp://admin:N0vin-123PNR@192.168.50.27
2025-10-04 12:11:34,523 - INFO -   - camera3: rtsp://admin:N0vin-123PNR@192.168.50.27
2025-10-04 12:11:34,523 - INFO -   - camera4: rtsp://admin:admin1234@192.168.50.3
2025-10-04 12:11:34,523 - INFO -   ... and 2 more paths
2025-10-04 12:11:34,523 - INFO - Processing 7 paths
2025-10-04 12:11:34,523 - INFO - Successfully read config file: ./mediamtx.yml
2025-10-04 12:11:34,523 - INFO - Found 'paths:' at line 115
2025-10-04 12:11:34,523 - INFO - Found 'all_others:' at line 128
2025-10-04 12:11:34,523 - INFO - Added path: cam1 -> rtsp://admin:N0vin-123PNR@192.168.50.27
2025-10-04 12:11:34,523 - INFO - Added path: camera2 -> rtsp://admin:N0vin-123PNR@192.168.50.27
2025-10-04 12:11:34,523 - INFO - Added path: camera3 -> rtsp://admin:N0vin-123PNR@192.168.50.27
2025-10-04 12:11:34,523 - INFO - Added path: camera4 -> rtsp://admin:admin1234@192.168.50.3
2025-10-04 12:11:34,523 - INFO - Added path: camera5 -> rtsp://admin:N0vin-123PNR@192.168.50.27
2025-10-04 12:11:34,523 - INFO - Added path: camera6 -> rtsp://admin:N0vin-123PNR@192.168.50.26
2025-10-04 12:11:34,523 - INFO - Successfully updated config file with 6 paths
2025-10-04 12:11:34,523 - INFO - Update completed successfully
2025-10-04 12:11:34,523 - INFO - Waiting 60 seconds until next update...
2025-10-04 12:12:34,524 - INFO - === Update iteration 43 ===
2025-10-04 12:12:34,524 - INFO - Attempting to connect to http://localhost:9997/v3/config/paths/list
2025-10-04 12:12:34,525 - INFO - Response status code: 200
2025-10-04 12:12:34,525 - INFO - Successfully parsed JSON response
2025-10-04 12:12:34,525 - INFO - === DEBUG: Response Structure ===
2025-10-04 12:12:34,525 - INFO - Type of config_data: <class 'dict'>
2025-10-04 12:12:34,525 - INFO - Keys in config_data: ['itemCount', 'pageCount', 'items']
2025-10-04 12:12:34,525 - INFO - 'items' key found with 7 items
2025-10-04 12:12:34,525 - INFO - First item in 'items': {'name': 'all_others', 'source': 'publisher', 'sourceFingerprint': '', 'sourceOnDemand': False, 'sourceOnDemandStartTimeout': '10s', 'sourceOnDemandCloseAfter': '10s', 'maxReaders': 0, 'srtReadPassphrase': '', 'fallback': '', 'useAbsoluteTimestamp': False, 'record': False, 'recordPath': '/recordings/%path/%Y-%m-%d_%H-%M-%S-%f', 'recordFormat': 'fmp4', 'recordPartDuration': '1s', 'recordMaxPartSize': '50M', 'recordSegmentDuration': '1h0m0s', 'recordDeleteAfter': '1d', 'overridePublisher': True, 'srtPublishPassphrase': '', 'rtspTransport': 'automatic', 'rtspAnyPort': False, 'rtspRangeType': '', 'rtspRangeStart': '', 'rtspUDPReadBufferSize': 0, 'mpegtsUDPReadBufferSize': 0, 'rtpSDP': '', 'rtpUDPReadBufferSize': 0, 'sourceRedirect': '', 'rpiCameraCamID': 0, 'rpiCameraSecondary': False, 'rpiCameraWidth': 1920, 'rpiCameraHeight': 1080, 'rpiCameraHFlip': False, 'rpiCameraVFlip': False, 'rpiCameraBrightness': 0, 'rpiCameraContrast': 1, 'rpiCameraSaturation': 1, 'rpiCameraSharpness': 1, 'rpiCameraExposure': 'normal', 'rpiCameraAWB': 'auto', 'rpiCameraAWBGains': [0, 0], 'rpiCameraDenoise': 'off', 'rpiCameraShutter': 0, 'rpiCameraMetering': 'centre', 'rpiCameraGain': 0, 'rpiCameraEV': 0, 'rpiCameraROI': '', 'rpiCameraHDR': False, 'rpiCameraTuningFile': '', 'rpiCameraMode': '', 'rpiCameraFPS': 30, 'rpiCameraAfMode': 'continuous', 'rpiCameraAfRange': 'normal', 'rpiCameraAfSpeed': 'normal', 'rpiCameraLensPosition': 0, 'rpiCameraAfWindow': '', 'rpiCameraFlickerPeriod': 0, 'rpiCameraTextOverlayEnable': False, 'rpiCameraTextOverlay': '%Y-%m-%d %H:%M:%S - MediaMTX', 'rpiCameraCodec': 'auto', 'rpiCameraIDRPeriod': 60, 'rpiCameraBitrate': 5000000, 'rpiCameraHardwareH264Profile': 'main', 'rpiCameraHardwareH264Level': '4.1', 'rpiCameraSoftwareH264Profile': 'baseline', 'rpiCameraSoftwareH264Level': '4.1', 'rpiCameraMJPEGQuality': 60, 'runOnInit': '', 'runOnInitRestart': False, 'runOnDemand': '', 'runOnDemandRestart': False, 'runOnDemandStartTimeout': '10s', 'runOnDemandCloseAfter': '10s', 'runOnUnDemand': '', 'runOnReady': '', 'runOnReadyRestart': False, 'runOnNotReady': '', 'runOnRead': '', 'runOnReadRestart': False, 'runOnUnread': '', 'runOnRecordSegmentCreate': '', 'runOnRecordSegmentComplete': ''}
2025-10-04 12:12:34,525 - INFO - === END DEBUG ===
2025-10-04 12:12:34,526 - INFO - Found paths in 'items' key
2025-10-04 12:12:34,526 - INFO - Converted 7 paths from items
2025-10-04 12:12:34,526 - INFO - Extracted 7 paths:
2025-10-04 12:12:34,526 - INFO -   - all_others: publisher
2025-10-04 12:12:34,526 - INFO -   - cam1: rtsp://admin:N0vin-123PNR@192.168.50.27
2025-10-04 12:12:34,526 - INFO -   - camera2: rtsp://admin:N0vin-123PNR@192.168.50.27
2025-10-04 12:12:34,526 - INFO -   - camera3: rtsp://admin:N0vin-123PNR@192.168.50.27
2025-10-04 12:12:34,526 - INFO -   - camera4: rtsp://admin:admin1234@192.168.50.3
2025-10-04 12:12:34,526 - INFO -   ... and 2 more paths
2025-10-04 12:12:34,526 - INFO - Processing 7 paths
2025-10-04 12:12:34,526 - INFO - Successfully read config file: ./mediamtx.yml
2025-10-04 12:12:34,526 - INFO - Found 'paths:' at line 115
2025-10-04 12:12:34,526 - INFO - Found 'all_others:' at line 128
2025-10-04 12:12:34,526 - INFO - Added path: cam1 -> rtsp://admin:N0vin-123PNR@192.168.50.27
2025-10-04 12:12:34,526 - INFO - Added path: camera2 -> rtsp://admin:N0vin-123PNR@192.168.50.27
2025-10-04 12:12:34,526 - INFO - Added path: camera3 -> rtsp://admin:N0vin-123PNR@192.168.50.27
2025-10-04 12:12:34,526 - INFO - Added path: camera4 -> rtsp://admin:admin1234@192.168.50.3
2025-10-04 12:12:34,526 - INFO - Added path: camera5 -> rtsp://admin:N0vin-123PNR@192.168.50.27
2025-10-04 12:12:34,526 - INFO - Added path: camera6 -> rtsp://admin:N0vin-123PNR@192.168.50.26
2025-10-04 12:12:34,526 - INFO - Successfully updated config file with 6 paths
2025-10-04 12:12:34,526 - INFO - Update completed successfully
2025-10-04 12:12:34,526 - INFO - Waiting 60 seconds until next update...
2025-10-04 12:13:34,526 - INFO - === Update iteration 44 ===
2025-10-04 12:13:34,526 - INFO - Attempting to connect to http://localhost:9997/v3/config/paths/list
2025-10-04 12:13:34,528 - INFO - Response status code: 200
2025-10-04 12:13:34,528 - INFO - Successfully parsed JSON response
2025-10-04 12:13:34,528 - INFO - === DEBUG: Response Structure ===
2025-10-04 12:13:34,528 - INFO - Type of config_data: <class 'dict'>
2025-10-04 12:13:34,528 - INFO - Keys in config_data: ['itemCount', 'pageCount', 'items']
2025-10-04 12:13:34,528 - INFO - 'items' key found with 7 items
2025-10-04 12:13:34,528 - INFO - First item in 'items': {'name': 'all_others', 'source': 'publisher', 'sourceFingerprint': '', 'sourceOnDemand': False, 'sourceOnDemandStartTimeout': '10s', 'sourceOnDemandCloseAfter': '10s', 'maxReaders': 0, 'srtReadPassphrase': '', 'fallback': '', 'useAbsoluteTimestamp': False, 'record': False, 'recordPath': '/recordings/%path/%Y-%m-%d_%H-%M-%S-%f', 'recordFormat': 'fmp4', 'recordPartDuration': '1s', 'recordMaxPartSize': '50M', 'recordSegmentDuration': '1h0m0s', 'recordDeleteAfter': '1d', 'overridePublisher': True, 'srtPublishPassphrase': '', 'rtspTransport': 'automatic', 'rtspAnyPort': False, 'rtspRangeType': '', 'rtspRangeStart': '', 'rtspUDPReadBufferSize': 0, 'mpegtsUDPReadBufferSize': 0, 'rtpSDP': '', 'rtpUDPReadBufferSize': 0, 'sourceRedirect': '', 'rpiCameraCamID': 0, 'rpiCameraSecondary': False, 'rpiCameraWidth': 1920, 'rpiCameraHeight': 1080, 'rpiCameraHFlip': False, 'rpiCameraVFlip': False, 'rpiCameraBrightness': 0, 'rpiCameraContrast': 1, 'rpiCameraSaturation': 1, 'rpiCameraSharpness': 1, 'rpiCameraExposure': 'normal', 'rpiCameraAWB': 'auto', 'rpiCameraAWBGains': [0, 0], 'rpiCameraDenoise': 'off', 'rpiCameraShutter': 0, 'rpiCameraMetering': 'centre', 'rpiCameraGain': 0, 'rpiCameraEV': 0, 'rpiCameraROI': '', 'rpiCameraHDR': False, 'rpiCameraTuningFile': '', 'rpiCameraMode': '', 'rpiCameraFPS': 30, 'rpiCameraAfMode': 'continuous', 'rpiCameraAfRange': 'normal', 'rpiCameraAfSpeed': 'normal', 'rpiCameraLensPosition': 0, 'rpiCameraAfWindow': '', 'rpiCameraFlickerPeriod': 0, 'rpiCameraTextOverlayEnable': False, 'rpiCameraTextOverlay': '%Y-%m-%d %H:%M:%S - MediaMTX', 'rpiCameraCodec': 'auto', 'rpiCameraIDRPeriod': 60, 'rpiCameraBitrate': 5000000, 'rpiCameraHardwareH264Profile': 'main', 'rpiCameraHardwareH264Level': '4.1', 'rpiCameraSoftwareH264Profile': 'baseline', 'rpiCameraSoftwareH264Level': '4.1', 'rpiCameraMJPEGQuality': 60, 'runOnInit': '', 'runOnInitRestart': False, 'runOnDemand': '', 'runOnDemandRestart': False, 'runOnDemandStartTimeout': '10s', 'runOnDemandCloseAfter': '10s', 'runOnUnDemand': '', 'runOnReady': '', 'runOnReadyRestart': False, 'runOnNotReady': '', 'runOnRead': '', 'runOnReadRestart': False, 'runOnUnread': '', 'runOnRecordSegmentCreate': '', 'runOnRecordSegmentComplete': ''}
2025-10-04 12:13:34,528 - INFO - === END DEBUG ===
2025-10-04 12:13:34,528 - INFO - Found paths in 'items' key
2025-10-04 12:13:34,528 - INFO - Converted 7 paths from items
2025-10-04 12:13:34,528 - INFO - Extracted 7 paths:
2025-10-04 12:13:34,528 - INFO -   - all_others: publisher
2025-10-04 12:13:34,528 - INFO -   - cam1: rtsp://admin:N0vin-123PNR@192.168.50.27
2025-10-04 12:13:34,528 - INFO -   - camera2: rtsp://admin:N0vin-123PNR@192.168.50.27
2025-10-04 12:13:34,528 - INFO -   - camera3: rtsp://admin:N0vin-123PNR@192.168.50.27
2025-10-04 12:13:34,529 - INFO -   - camera4: rtsp://admin:admin1234@192.168.50.3
2025-10-04 12:13:34,529 - INFO -   ... and 2 more paths
2025-10-04 12:13:34,529 - INFO - Processing 7 paths
2025-10-04 12:13:34,529 - INFO - Successfully read config file: ./mediamtx.yml
2025-10-04 12:13:34,529 - INFO - Found 'paths:' at line 115
2025-10-04 12:13:34,529 - INFO - Found 'all_others:' at line 128
2025-10-04 12:13:34,529 - INFO - Added path: cam1 -> rtsp://admin:N0vin-123PNR@192.168.50.27
2025-10-04 12:13:34,529 - INFO - Added path: camera2 -> rtsp://admin:N0vin-123PNR@192.168.50.27
2025-10-04 12:13:34,529 - INFO - Added path: camera3 -> rtsp://admin:N0vin-123PNR@192.168.50.27
2025-10-04 12:13:34,529 - INFO - Added path: camera4 -> rtsp://admin:admin1234@192.168.50.3
2025-10-04 12:13:34,529 - INFO - Added path: camera5 -> rtsp://admin:N0vin-123PNR@192.168.50.27
2025-10-04 12:13:34,529 - INFO - Added path: camera6 -> rtsp://admin:N0vin-123PNR@192.168.50.26
2025-10-04 12:13:34,529 - INFO - Successfully updated config file with 6 paths
2025-10-04 12:13:34,529 - INFO - Update completed successfully
2025-10-04 12:13:34,529 - INFO - Waiting 60 seconds until next update...
2025-10-04 12:14:34,529 - INFO - === Update iteration 45 ===
2025-10-04 12:14:34,530 - INFO - Attempting to connect to http://localhost:9997/v3/config/paths/list
2025-10-04 12:14:34,531 - INFO - Response status code: 200
2025-10-04 12:14:34,531 - INFO - Successfully parsed JSON response
2025-10-04 12:14:34,531 - INFO - === DEBUG: Response Structure ===
2025-10-04 12:14:34,531 - INFO - Type of config_data: <class 'dict'>
2025-10-04 12:14:34,531 - INFO - Keys in config_data: ['itemCount', 'pageCount', 'items']
2025-10-04 12:14:34,531 - INFO - 'items' key found with 7 items
2025-10-04 12:14:34,531 - INFO - First item in 'items': {'name': 'all_others', 'source': 'publisher', 'sourceFingerprint': '', 'sourceOnDemand': False, 'sourceOnDemandStartTimeout': '10s', 'sourceOnDemandCloseAfter': '10s', 'maxReaders': 0, 'srtReadPassphrase': '', 'fallback': '', 'useAbsoluteTimestamp': False, 'record': False, 'recordPath': '/recordings/%path/%Y-%m-%d_%H-%M-%S-%f', 'recordFormat': 'fmp4', 'recordPartDuration': '1s', 'recordMaxPartSize': '50M', 'recordSegmentDuration': '1h0m0s', 'recordDeleteAfter': '1d', 'overridePublisher': True, 'srtPublishPassphrase': '', 'rtspTransport': 'automatic', 'rtspAnyPort': False, 'rtspRangeType': '', 'rtspRangeStart': '', 'rtspUDPReadBufferSize': 0, 'mpegtsUDPReadBufferSize': 0, 'rtpSDP': '', 'rtpUDPReadBufferSize': 0, 'sourceRedirect': '', 'rpiCameraCamID': 0, 'rpiCameraSecondary': False, 'rpiCameraWidth': 1920, 'rpiCameraHeight': 1080, 'rpiCameraHFlip': False, 'rpiCameraVFlip': False, 'rpiCameraBrightness': 0, 'rpiCameraContrast': 1, 'rpiCameraSaturation': 1, 'rpiCameraSharpness': 1, 'rpiCameraExposure': 'normal', 'rpiCameraAWB': 'auto', 'rpiCameraAWBGains': [0, 0], 'rpiCameraDenoise': 'off', 'rpiCameraShutter': 0, 'rpiCameraMetering': 'centre', 'rpiCameraGain': 0, 'rpiCameraEV': 0, 'rpiCameraROI': '', 'rpiCameraHDR': False, 'rpiCameraTuningFile': '', 'rpiCameraMode': '', 'rpiCameraFPS': 30, 'rpiCameraAfMode': 'continuous', 'rpiCameraAfRange': 'normal', 'rpiCameraAfSpeed': 'normal', 'rpiCameraLensPosition': 0, 'rpiCameraAfWindow': '', 'rpiCameraFlickerPeriod': 0, 'rpiCameraTextOverlayEnable': False, 'rpiCameraTextOverlay': '%Y-%m-%d %H:%M:%S - MediaMTX', 'rpiCameraCodec': 'auto', 'rpiCameraIDRPeriod': 60, 'rpiCameraBitrate': 5000000, 'rpiCameraHardwareH264Profile': 'main', 'rpiCameraHardwareH264Level': '4.1', 'rpiCameraSoftwareH264Profile': 'baseline', 'rpiCameraSoftwareH264Level': '4.1', 'rpiCameraMJPEGQuality': 60, 'runOnInit': '', 'runOnInitRestart': False, 'runOnDemand': '', 'runOnDemandRestart': False, 'runOnDemandStartTimeout': '10s', 'runOnDemandCloseAfter': '10s', 'runOnUnDemand': '', 'runOnReady': '', 'runOnReadyRestart': False, 'runOnNotReady': '', 'runOnRead': '', 'runOnReadRestart': False, 'runOnUnread': '', 'runOnRecordSegmentCreate': '', 'runOnRecordSegmentComplete': ''}
2025-10-04 12:14:34,531 - INFO - === END DEBUG ===
2025-10-04 12:14:34,531 - INFO - Found paths in 'items' key
2025-10-04 12:14:34,531 - INFO - Converted 7 paths from items
2025-10-04 12:14:34,531 - INFO - Extracted 7 paths:
2025-10-04 12:14:34,531 - INFO -   - all_others: publisher
2025-10-04 12:14:34,531 - INFO -   - cam1: rtsp://admin:N0vin-123PNR@192.168.50.27
2025-10-04 12:14:34,531 - INFO -   - camera2: rtsp://admin:N0vin-123PNR@192.168.50.27
2025-10-04 12:14:34,531 - INFO -   - camera3: rtsp://admin:N0vin-123PNR@192.168.50.27
2025-10-04 12:14:34,532 - INFO -   - camera4: rtsp://admin:admin1234@192.168.50.3
2025-10-04 12:14:34,532 - INFO -   ... and 2 more paths
2025-10-04 12:14:34,532 - INFO - Processing 7 paths
2025-10-04 12:14:34,532 - INFO - Successfully read config file: ./mediamtx.yml
2025-10-04 12:14:34,532 - INFO - Found 'paths:' at line 115
2025-10-04 12:14:34,532 - INFO - Found 'all_others:' at line 128
2025-10-04 12:14:34,532 - INFO - Added path: cam1 -> rtsp://admin:N0vin-123PNR@192.168.50.27
2025-10-04 12:14:34,532 - INFO - Added path: camera2 -> rtsp://admin:N0vin-123PNR@192.168.50.27
2025-10-04 12:14:34,532 - INFO - Added path: camera3 -> rtsp://admin:N0vin-123PNR@192.168.50.27
2025-10-04 12:14:34,532 - INFO - Added path: camera4 -> rtsp://admin:admin1234@192.168.50.3
2025-10-04 12:14:34,532 - INFO - Added path: camera5 -> rtsp://admin:N0vin-123PNR@192.168.50.27
2025-10-04 12:14:34,532 - INFO - Added path: camera6 -> rtsp://admin:N0vin-123PNR@192.168.50.26
2025-10-04 12:14:34,532 - INFO - Successfully updated config file with 6 paths
2025-10-04 12:14:34,532 - INFO - Update completed successfully
2025-10-04 12:14:34,532 - INFO - Waiting 60 seconds until next update...
2025-10-04 12:15:34,532 - INFO - === Update iteration 46 ===
2025-10-04 12:15:34,532 - INFO - Attempting to connect to http://localhost:9997/v3/config/paths/list
2025-10-04 12:15:34,533 - INFO - Response status code: 200
2025-10-04 12:15:34,533 - INFO - Successfully parsed JSON response
2025-10-04 12:15:34,533 - INFO - === DEBUG: Response Structure ===
2025-10-04 12:15:34,534 - INFO - Type of config_data: <class 'dict'>
2025-10-04 12:15:34,534 - INFO - Keys in config_data: ['itemCount', 'pageCount', 'items']
2025-10-04 12:15:34,534 - INFO - 'items' key found with 7 items
2025-10-04 12:15:34,534 - INFO - First item in 'items': {'name': 'all_others', 'source': 'publisher', 'sourceFingerprint': '', 'sourceOnDemand': False, 'sourceOnDemandStartTimeout': '10s', 'sourceOnDemandCloseAfter': '10s', 'maxReaders': 0, 'srtReadPassphrase': '', 'fallback': '', 'useAbsoluteTimestamp': False, 'record': False, 'recordPath': '/recordings/%path/%Y-%m-%d_%H-%M-%S-%f', 'recordFormat': 'fmp4', 'recordPartDuration': '1s', 'recordMaxPartSize': '50M', 'recordSegmentDuration': '1h0m0s', 'recordDeleteAfter': '1d', 'overridePublisher': True, 'srtPublishPassphrase': '', 'rtspTransport': 'automatic', 'rtspAnyPort': False, 'rtspRangeType': '', 'rtspRangeStart': '', 'rtspUDPReadBufferSize': 0, 'mpegtsUDPReadBufferSize': 0, 'rtpSDP': '', 'rtpUDPReadBufferSize': 0, 'sourceRedirect': '', 'rpiCameraCamID': 0, 'rpiCameraSecondary': False, 'rpiCameraWidth': 1920, 'rpiCameraHeight': 1080, 'rpiCameraHFlip': False, 'rpiCameraVFlip': False, 'rpiCameraBrightness': 0, 'rpiCameraContrast': 1, 'rpiCameraSaturation': 1, 'rpiCameraSharpness': 1, 'rpiCameraExposure': 'normal', 'rpiCameraAWB': 'auto', 'rpiCameraAWBGains': [0, 0], 'rpiCameraDenoise': 'off', 'rpiCameraShutter': 0, 'rpiCameraMetering': 'centre', 'rpiCameraGain': 0, 'rpiCameraEV': 0, 'rpiCameraROI': '', 'rpiCameraHDR': False, 'rpiCameraTuningFile': '', 'rpiCameraMode': '', 'rpiCameraFPS': 30, 'rpiCameraAfMode': 'continuous', 'rpiCameraAfRange': 'normal', 'rpiCameraAfSpeed': 'normal', 'rpiCameraLensPosition': 0, 'rpiCameraAfWindow': '', 'rpiCameraFlickerPeriod': 0, 'rpiCameraTextOverlayEnable': False, 'rpiCameraTextOverlay': '%Y-%m-%d %H:%M:%S - MediaMTX', 'rpiCameraCodec': 'auto', 'rpiCameraIDRPeriod': 60, 'rpiCameraBitrate': 5000000, 'rpiCameraHardwareH264Profile': 'main', 'rpiCameraHardwareH264Level': '4.1', 'rpiCameraSoftwareH264Profile': 'baseline', 'rpiCameraSoftwareH264Level': '4.1', 'rpiCameraMJPEGQuality': 60, 'runOnInit': '', 'runOnInitRestart': False, 'runOnDemand': '', 'runOnDemandRestart': False, 'runOnDemandStartTimeout': '10s', 'runOnDemandCloseAfter': '10s', 'runOnUnDemand': '', 'runOnReady': '', 'runOnReadyRestart': False, 'runOnNotReady': '', 'runOnRead': '', 'runOnReadRestart': False, 'runOnUnread': '', 'runOnRecordSegmentCreate': '', 'runOnRecordSegmentComplete': ''}
2025-10-04 12:15:34,534 - INFO - === END DEBUG ===
2025-10-04 12:15:34,534 - INFO - Found paths in 'items' key
2025-10-04 12:15:34,534 - INFO - Converted 7 paths from items
2025-10-04 12:15:34,534 - INFO - Extracted 7 paths:
2025-10-04 12:15:34,534 - INFO -   - all_others: publisher
2025-10-04 12:15:34,534 - INFO -   - cam1: rtsp://admin:N0vin-123PNR@192.168.50.27
2025-10-04 12:15:34,534 - INFO -   - camera2: rtsp://admin:N0vin-123PNR@192.168.50.27
2025-10-04 12:15:34,534 - INFO -   - camera3: rtsp://admin:N0vin-123PNR@192.168.50.27
2025-10-04 12:15:34,534 - INFO -   - camera4: rtsp://admin:admin1234@192.168.50.3
2025-10-04 12:15:34,534 - INFO -   ... and 2 more paths
2025-10-04 12:15:34,534 - INFO - Processing 7 paths
2025-10-04 12:15:34,534 - INFO - Successfully read config file: ./mediamtx.yml
2025-10-04 12:15:34,534 - INFO - Found 'paths:' at line 115
2025-10-04 12:15:34,534 - INFO - Found 'all_others:' at line 128
2025-10-04 12:15:34,534 - INFO - Added path: cam1 -> rtsp://admin:N0vin-123PNR@192.168.50.27
2025-10-04 12:15:34,534 - INFO - Added path: camera2 -> rtsp://admin:N0vin-123PNR@192.168.50.27
2025-10-04 12:15:34,534 - INFO - Added path: camera3 -> rtsp://admin:N0vin-123PNR@192.168.50.27
2025-10-04 12:15:34,534 - INFO - Added path: camera4 -> rtsp://admin:admin1234@192.168.50.3
2025-10-04 12:15:34,534 - INFO - Added path: camera5 -> rtsp://admin:N0vin-123PNR@192.168.50.27
2025-10-04 12:15:34,534 - INFO - Added path: camera6 -> rtsp://admin:N0vin-123PNR@192.168.50.26
2025-10-04 12:15:34,534 - INFO - Successfully updated config file with 6 paths
2025-10-04 12:15:34,534 - INFO - Update completed successfully
2025-10-04 12:15:34,534 - INFO - Waiting 60 seconds until next update...
2025-10-04 12:16:34,534 - INFO - === Update iteration 47 ===
2025-10-04 12:16:34,534 - INFO - Attempting to connect to http://localhost:9997/v3/config/paths/list
2025-10-04 12:16:34,536 - INFO - Response status code: 200
2025-10-04 12:16:34,536 - INFO - Successfully parsed JSON response
2025-10-04 12:16:34,536 - INFO - === DEBUG: Response Structure ===
2025-10-04 12:16:34,537 - INFO - Type of config_data: <class 'dict'>
2025-10-04 12:16:34,537 - INFO - Keys in config_data: ['itemCount', 'pageCount', 'items']
2025-10-04 12:16:34,537 - INFO - 'items' key found with 7 items
2025-10-04 12:16:34,537 - INFO - First item in 'items': {'name': 'all_others', 'source': 'publisher', 'sourceFingerprint': '', 'sourceOnDemand': False, 'sourceOnDemandStartTimeout': '10s', 'sourceOnDemandCloseAfter': '10s', 'maxReaders': 0, 'srtReadPassphrase': '', 'fallback': '', 'useAbsoluteTimestamp': False, 'record': False, 'recordPath': '/recordings/%path/%Y-%m-%d_%H-%M-%S-%f', 'recordFormat': 'fmp4', 'recordPartDuration': '1s', 'recordMaxPartSize': '50M', 'recordSegmentDuration': '1h0m0s', 'recordDeleteAfter': '1d', 'overridePublisher': True, 'srtPublishPassphrase': '', 'rtspTransport': 'automatic', 'rtspAnyPort': False, 'rtspRangeType': '', 'rtspRangeStart': '', 'rtspUDPReadBufferSize': 0, 'mpegtsUDPReadBufferSize': 0, 'rtpSDP': '', 'rtpUDPReadBufferSize': 0, 'sourceRedirect': '', 'rpiCameraCamID': 0, 'rpiCameraSecondary': False, 'rpiCameraWidth': 1920, 'rpiCameraHeight': 1080, 'rpiCameraHFlip': False, 'rpiCameraVFlip': False, 'rpiCameraBrightness': 0, 'rpiCameraContrast': 1, 'rpiCameraSaturation': 1, 'rpiCameraSharpness': 1, 'rpiCameraExposure': 'normal', 'rpiCameraAWB': 'auto', 'rpiCameraAWBGains': [0, 0], 'rpiCameraDenoise': 'off', 'rpiCameraShutter': 0, 'rpiCameraMetering': 'centre', 'rpiCameraGain': 0, 'rpiCameraEV': 0, 'rpiCameraROI': '', 'rpiCameraHDR': False, 'rpiCameraTuningFile': '', 'rpiCameraMode': '', 'rpiCameraFPS': 30, 'rpiCameraAfMode': 'continuous', 'rpiCameraAfRange': 'normal', 'rpiCameraAfSpeed': 'normal', 'rpiCameraLensPosition': 0, 'rpiCameraAfWindow': '', 'rpiCameraFlickerPeriod': 0, 'rpiCameraTextOverlayEnable': False, 'rpiCameraTextOverlay': '%Y-%m-%d %H:%M:%S - MediaMTX', 'rpiCameraCodec': 'auto', 'rpiCameraIDRPeriod': 60, 'rpiCameraBitrate': 5000000, 'rpiCameraHardwareH264Profile': 'main', 'rpiCameraHardwareH264Level': '4.1', 'rpiCameraSoftwareH264Profile': 'baseline', 'rpiCameraSoftwareH264Level': '4.1', 'rpiCameraMJPEGQuality': 60, 'runOnInit': '', 'runOnInitRestart': False, 'runOnDemand': '', 'runOnDemandRestart': False, 'runOnDemandStartTimeout': '10s', 'runOnDemandCloseAfter': '10s', 'runOnUnDemand': '', 'runOnReady': '', 'runOnReadyRestart': False, 'runOnNotReady': '', 'runOnRead': '', 'runOnReadRestart': False, 'runOnUnread': '', 'runOnRecordSegmentCreate': '', 'runOnRecordSegmentComplete': ''}
2025-10-04 12:16:34,537 - INFO - === END DEBUG ===
2025-10-04 12:16:34,537 - INFO - Found paths in 'items' key
2025-10-04 12:16:34,537 - INFO - Converted 7 paths from items
2025-10-04 12:16:34,537 - INFO - Extracted 7 paths:
2025-10-04 12:16:34,537 - INFO -   - all_others: publisher
2025-10-04 12:16:34,537 - INFO -   - cam1: rtsp://admin:N0vin-123PNR@192.168.50.27
2025-10-04 12:16:34,537 - INFO -   - camera2: rtsp://admin:N0vin-123PNR@192.168.50.27
2025-10-04 12:16:34,537 - INFO -   - camera3: rtsp://admin:N0vin-123PNR@192.168.50.27
2025-10-04 12:16:34,537 - INFO -   - camera4: rtsp://admin:admin1234@192.168.50.3
2025-10-04 12:16:34,537 - INFO -   ... and 2 more paths
2025-10-04 12:16:34,537 - INFO - Processing 7 paths
2025-10-04 12:16:34,537 - INFO - Successfully read config file: ./mediamtx.yml
2025-10-04 12:16:34,537 - INFO - Found 'paths:' at line 115
2025-10-04 12:16:34,537 - INFO - Found 'all_others:' at line 128
2025-10-04 12:16:34,537 - INFO - Added path: cam1 -> rtsp://admin:N0vin-123PNR@192.168.50.27
2025-10-04 12:16:34,537 - INFO - Added path: camera2 -> rtsp://admin:N0vin-123PNR@192.168.50.27
2025-10-04 12:16:34,537 - INFO - Added path: camera3 -> rtsp://admin:N0vin-123PNR@192.168.50.27
2025-10-04 12:16:34,537 - INFO - Added path: camera4 -> rtsp://admin:admin1234@192.168.50.3
2025-10-04 12:16:34,537 - INFO - Added path: camera5 -> rtsp://admin:N0vin-123PNR@192.168.50.27
2025-10-04 12:16:34,537 - INFO - Added path: camera6 -> rtsp://admin:N0vin-123PNR@192.168.50.26
2025-10-04 12:16:34,537 - INFO - Successfully updated config file with 6 paths
2025-10-04 12:16:34,537 - INFO - Update completed successfully
2025-10-04 12:16:34,537 - INFO - Waiting 60 seconds until next update...
2025-10-04 12:17:34,537 - INFO - === Update iteration 48 ===
2025-10-04 12:17:34,538 - INFO - Attempting to connect to http://localhost:9997/v3/config/paths/list
2025-10-04 12:17:34,539 - INFO - Response status code: 200
2025-10-04 12:17:34,539 - INFO - Successfully parsed JSON response
2025-10-04 12:17:34,539 - INFO - === DEBUG: Response Structure ===
2025-10-04 12:17:34,539 - INFO - Type of config_data: <class 'dict'>
2025-10-04 12:17:34,539 - INFO - Keys in config_data: ['itemCount', 'pageCount', 'items']
2025-10-04 12:17:34,539 - INFO - 'items' key found with 7 items
2025-10-04 12:17:34,539 - INFO - First item in 'items': {'name': 'all_others', 'source': 'publisher', 'sourceFingerprint': '', 'sourceOnDemand': False, 'sourceOnDemandStartTimeout': '10s', 'sourceOnDemandCloseAfter': '10s', 'maxReaders': 0, 'srtReadPassphrase': '', 'fallback': '', 'useAbsoluteTimestamp': False, 'record': False, 'recordPath': '/recordings/%path/%Y-%m-%d_%H-%M-%S-%f', 'recordFormat': 'fmp4', 'recordPartDuration': '1s', 'recordMaxPartSize': '50M', 'recordSegmentDuration': '1h0m0s', 'recordDeleteAfter': '1d', 'overridePublisher': True, 'srtPublishPassphrase': '', 'rtspTransport': 'automatic', 'rtspAnyPort': False, 'rtspRangeType': '', 'rtspRangeStart': '', 'rtspUDPReadBufferSize': 0, 'mpegtsUDPReadBufferSize': 0, 'rtpSDP': '', 'rtpUDPReadBufferSize': 0, 'sourceRedirect': '', 'rpiCameraCamID': 0, 'rpiCameraSecondary': False, 'rpiCameraWidth': 1920, 'rpiCameraHeight': 1080, 'rpiCameraHFlip': False, 'rpiCameraVFlip': False, 'rpiCameraBrightness': 0, 'rpiCameraContrast': 1, 'rpiCameraSaturation': 1, 'rpiCameraSharpness': 1, 'rpiCameraExposure': 'normal', 'rpiCameraAWB': 'auto', 'rpiCameraAWBGains': [0, 0], 'rpiCameraDenoise': 'off', 'rpiCameraShutter': 0, 'rpiCameraMetering': 'centre', 'rpiCameraGain': 0, 'rpiCameraEV': 0, 'rpiCameraROI': '', 'rpiCameraHDR': False, 'rpiCameraTuningFile': '', 'rpiCameraMode': '', 'rpiCameraFPS': 30, 'rpiCameraAfMode': 'continuous', 'rpiCameraAfRange': 'normal', 'rpiCameraAfSpeed': 'normal', 'rpiCameraLensPosition': 0, 'rpiCameraAfWindow': '', 'rpiCameraFlickerPeriod': 0, 'rpiCameraTextOverlayEnable': False, 'rpiCameraTextOverlay': '%Y-%m-%d %H:%M:%S - MediaMTX', 'rpiCameraCodec': 'auto', 'rpiCameraIDRPeriod': 60, 'rpiCameraBitrate': 5000000, 'rpiCameraHardwareH264Profile': 'main', 'rpiCameraHardwareH264Level': '4.1', 'rpiCameraSoftwareH264Profile': 'baseline', 'rpiCameraSoftwareH264Level': '4.1', 'rpiCameraMJPEGQuality': 60, 'runOnInit': '', 'runOnInitRestart': False, 'runOnDemand': '', 'runOnDemandRestart': False, 'runOnDemandStartTimeout': '10s', 'runOnDemandCloseAfter': '10s', 'runOnUnDemand': '', 'runOnReady': '', 'runOnReadyRestart': False, 'runOnNotReady': '', 'runOnRead': '', 'runOnReadRestart': False, 'runOnUnread': '', 'runOnRecordSegmentCreate': '', 'runOnRecordSegmentComplete': ''}
2025-10-04 12:17:34,539 - INFO - === END DEBUG ===
2025-10-04 12:17:34,539 - INFO - Found paths in 'items' key
2025-10-04 12:17:34,539 - INFO - Converted 7 paths from items
2025-10-04 12:17:34,539 - INFO - Extracted 7 paths:
2025-10-04 12:17:34,539 - INFO -   - all_others: publisher
2025-10-04 12:17:34,539 - INFO -   - cam1: rtsp://admin:N0vin-123PNR@192.168.50.27
2025-10-04 12:17:34,539 - INFO -   - camera2: rtsp://admin:N0vin-123PNR@192.168.50.27
2025-10-04 12:17:34,539 - INFO -   - camera3: rtsp://admin:N0vin-123PNR@192.168.50.27
2025-10-04 12:17:34,539 - INFO -   - camera4: rtsp://admin:admin1234@192.168.50.3
2025-10-04 12:17:34,539 - INFO -   ... and 2 more paths
2025-10-04 12:17:34,539 - INFO - Processing 7 paths
2025-10-04 12:17:34,539 - INFO - Successfully read config file: ./mediamtx.yml
2025-10-04 12:17:34,539 - INFO - Found 'paths:' at line 115
2025-10-04 12:17:34,539 - INFO - Found 'all_others:' at line 128
2025-10-04 12:17:34,539 - INFO - Added path: cam1 -> rtsp://admin:N0vin-123PNR@192.168.50.27
2025-10-04 12:17:34,539 - INFO - Added path: camera2 -> rtsp://admin:N0vin-123PNR@192.168.50.27
2025-10-04 12:17:34,539 - INFO - Added path: camera3 -> rtsp://admin:N0vin-123PNR@192.168.50.27
2025-10-04 12:17:34,539 - INFO - Added path: camera4 -> rtsp://admin:admin1234@192.168.50.3
2025-10-04 12:17:34,539 - INFO - Added path: camera5 -> rtsp://admin:N0vin-123PNR@192.168.50.27
2025-10-04 12:17:34,539 - INFO - Added path: camera6 -> rtsp://admin:N0vin-123PNR@192.168.50.26
2025-10-04 12:17:34,540 - INFO - Successfully updated config file with 6 paths
2025-10-04 12:17:34,540 - INFO - Update completed successfully
2025-10-04 12:17:34,540 - INFO - Waiting 60 seconds until next update...
2025-10-04 12:18:34,540 - INFO - === Update iteration 49 ===
2025-10-04 12:18:34,540 - INFO - Attempting to connect to http://localhost:9997/v3/config/paths/list
2025-10-04 12:18:34,541 - INFO - Response status code: 200
2025-10-04 12:18:34,541 - INFO - Successfully parsed JSON response
2025-10-04 12:18:34,541 - INFO - === DEBUG: Response Structure ===
2025-10-04 12:18:34,541 - INFO - Type of config_data: <class 'dict'>
2025-10-04 12:18:34,541 - INFO - Keys in config_data: ['itemCount', 'pageCount', 'items']
2025-10-04 12:18:34,541 - INFO - 'items' key found with 7 items
2025-10-04 12:18:34,541 - INFO - First item in 'items': {'name': 'all_others', 'source': 'publisher', 'sourceFingerprint': '', 'sourceOnDemand': False, 'sourceOnDemandStartTimeout': '10s', 'sourceOnDemandCloseAfter': '10s', 'maxReaders': 0, 'srtReadPassphrase': '', 'fallback': '', 'useAbsoluteTimestamp': False, 'record': False, 'recordPath': '/recordings/%path/%Y-%m-%d_%H-%M-%S-%f', 'recordFormat': 'fmp4', 'recordPartDuration': '1s', 'recordMaxPartSize': '50M', 'recordSegmentDuration': '1h0m0s', 'recordDeleteAfter': '1d', 'overridePublisher': True, 'srtPublishPassphrase': '', 'rtspTransport': 'automatic', 'rtspAnyPort': False, 'rtspRangeType': '', 'rtspRangeStart': '', 'rtspUDPReadBufferSize': 0, 'mpegtsUDPReadBufferSize': 0, 'rtpSDP': '', 'rtpUDPReadBufferSize': 0, 'sourceRedirect': '', 'rpiCameraCamID': 0, 'rpiCameraSecondary': False, 'rpiCameraWidth': 1920, 'rpiCameraHeight': 1080, 'rpiCameraHFlip': False, 'rpiCameraVFlip': False, 'rpiCameraBrightness': 0, 'rpiCameraContrast': 1, 'rpiCameraSaturation': 1, 'rpiCameraSharpness': 1, 'rpiCameraExposure': 'normal', 'rpiCameraAWB': 'auto', 'rpiCameraAWBGains': [0, 0], 'rpiCameraDenoise': 'off', 'rpiCameraShutter': 0, 'rpiCameraMetering': 'centre', 'rpiCameraGain': 0, 'rpiCameraEV': 0, 'rpiCameraROI': '', 'rpiCameraHDR': False, 'rpiCameraTuningFile': '', 'rpiCameraMode': '', 'rpiCameraFPS': 30, 'rpiCameraAfMode': 'continuous', 'rpiCameraAfRange': 'normal', 'rpiCameraAfSpeed': 'normal', 'rpiCameraLensPosition': 0, 'rpiCameraAfWindow': '', 'rpiCameraFlickerPeriod': 0, 'rpiCameraTextOverlayEnable': False, 'rpiCameraTextOverlay': '%Y-%m-%d %H:%M:%S - MediaMTX', 'rpiCameraCodec': 'auto', 'rpiCameraIDRPeriod': 60, 'rpiCameraBitrate': 5000000, 'rpiCameraHardwareH264Profile': 'main', 'rpiCameraHardwareH264Level': '4.1', 'rpiCameraSoftwareH264Profile': 'baseline', 'rpiCameraSoftwareH264Level': '4.1', 'rpiCameraMJPEGQuality': 60, 'runOnInit': '', 'runOnInitRestart': False, 'runOnDemand': '', 'runOnDemandRestart': False, 'runOnDemandStartTimeout': '10s', 'runOnDemandCloseAfter': '10s', 'runOnUnDemand': '', 'runOnReady': '', 'runOnReadyRestart': False, 'runOnNotReady': '', 'runOnRead': '', 'runOnReadRestart': False, 'runOnUnread': '', 'runOnRecordSegmentCreate': '', 'runOnRecordSegmentComplete': ''}
2025-10-04 12:18:34,541 - INFO - === END DEBUG ===
2025-10-04 12:18:34,541 - INFO - Found paths in 'items' key
2025-10-04 12:18:34,541 - INFO - Converted 7 paths from items
2025-10-04 12:18:34,541 - INFO - Extracted 7 paths:
2025-10-04 12:18:34,541 - INFO -   - all_others: publisher
2025-10-04 12:18:34,541 - INFO -   - cam1: rtsp://admin:N0vin-123PNR@192.168.50.27
2025-10-04 12:18:34,541 - INFO -   - camera2: rtsp://admin:N0vin-123PNR@192.168.50.27
2025-10-04 12:18:34,541 - INFO -   - camera3: rtsp://admin:N0vin-123PNR@192.168.50.27
2025-10-04 12:18:34,541 - INFO -   - camera4: rtsp://admin:admin1234@192.168.50.3
2025-10-04 12:18:34,541 - INFO -   ... and 2 more paths
2025-10-04 12:18:34,541 - INFO - Processing 7 paths
2025-10-04 12:18:34,541 - INFO - Successfully read config file: ./mediamtx.yml
2025-10-04 12:18:34,542 - INFO - Found 'paths:' at line 115
2025-10-04 12:18:34,542 - INFO - Found 'all_others:' at line 128
2025-10-04 12:18:34,542 - INFO - Added path: cam1 -> rtsp://admin:N0vin-123PNR@192.168.50.27
2025-10-04 12:18:34,542 - INFO - Added path: camera2 -> rtsp://admin:N0vin-123PNR@192.168.50.27
2025-10-04 12:18:34,542 - INFO - Added path: camera3 -> rtsp://admin:N0vin-123PNR@192.168.50.27
2025-10-04 12:18:34,542 - INFO - Added path: camera4 -> rtsp://admin:admin1234@192.168.50.3
2025-10-04 12:18:34,542 - INFO - Added path: camera5 -> rtsp://admin:N0vin-123PNR@192.168.50.27
2025-10-04 12:18:34,542 - INFO - Added path: camera6 -> rtsp://admin:N0vin-123PNR@192.168.50.26
2025-10-04 12:18:34,542 - INFO - Successfully updated config file with 6 paths
2025-10-04 12:18:34,542 - INFO - Update completed successfully
2025-10-04 12:18:34,542 - INFO - Waiting 60 seconds until next update...
2025-10-04 12:19:34,542 - INFO - === Update iteration 50 ===
2025-10-04 12:19:34,542 - INFO - Attempting to connect to http://localhost:9997/v3/config/paths/list
2025-10-04 12:19:34,543 - INFO - Response status code: 200
2025-10-04 12:19:34,544 - INFO - Successfully parsed JSON response
2025-10-04 12:19:34,544 - INFO - === DEBUG: Response Structure ===
2025-10-04 12:19:34,544 - INFO - Type of config_data: <class 'dict'>
2025-10-04 12:19:34,544 - INFO - Keys in config_data: ['itemCount', 'pageCount', 'items']
2025-10-04 12:19:34,544 - INFO - 'items' key found with 7 items
2025-10-04 12:19:34,544 - INFO - First item in 'items': {'name': 'all_others', 'source': 'publisher', 'sourceFingerprint': '', 'sourceOnDemand': False, 'sourceOnDemandStartTimeout': '10s', 'sourceOnDemandCloseAfter': '10s', 'maxReaders': 0, 'srtReadPassphrase': '', 'fallback': '', 'useAbsoluteTimestamp': False, 'record': False, 'recordPath': '/recordings/%path/%Y-%m-%d_%H-%M-%S-%f', 'recordFormat': 'fmp4', 'recordPartDuration': '1s', 'recordMaxPartSize': '50M', 'recordSegmentDuration': '1h0m0s', 'recordDeleteAfter': '1d', 'overridePublisher': True, 'srtPublishPassphrase': '', 'rtspTransport': 'automatic', 'rtspAnyPort': False, 'rtspRangeType': '', 'rtspRangeStart': '', 'rtspUDPReadBufferSize': 0, 'mpegtsUDPReadBufferSize': 0, 'rtpSDP': '', 'rtpUDPReadBufferSize': 0, 'sourceRedirect': '', 'rpiCameraCamID': 0, 'rpiCameraSecondary': False, 'rpiCameraWidth': 1920, 'rpiCameraHeight': 1080, 'rpiCameraHFlip': False, 'rpiCameraVFlip': False, 'rpiCameraBrightness': 0, 'rpiCameraContrast': 1, 'rpiCameraSaturation': 1, 'rpiCameraSharpness': 1, 'rpiCameraExposure': 'normal', 'rpiCameraAWB': 'auto', 'rpiCameraAWBGains': [0, 0], 'rpiCameraDenoise': 'off', 'rpiCameraShutter': 0, 'rpiCameraMetering': 'centre', 'rpiCameraGain': 0, 'rpiCameraEV': 0, 'rpiCameraROI': '', 'rpiCameraHDR': False, 'rpiCameraTuningFile': '', 'rpiCameraMode': '', 'rpiCameraFPS': 30, 'rpiCameraAfMode': 'continuous', 'rpiCameraAfRange': 'normal', 'rpiCameraAfSpeed': 'normal', 'rpiCameraLensPosition': 0, 'rpiCameraAfWindow': '', 'rpiCameraFlickerPeriod': 0, 'rpiCameraTextOverlayEnable': False, 'rpiCameraTextOverlay': '%Y-%m-%d %H:%M:%S - MediaMTX', 'rpiCameraCodec': 'auto', 'rpiCameraIDRPeriod': 60, 'rpiCameraBitrate': 5000000, 'rpiCameraHardwareH264Profile': 'main', 'rpiCameraHardwareH264Level': '4.1', 'rpiCameraSoftwareH264Profile': 'baseline', 'rpiCameraSoftwareH264Level': '4.1', 'rpiCameraMJPEGQuality': 60, 'runOnInit': '', 'runOnInitRestart': False, 'runOnDemand': '', 'runOnDemandRestart': False, 'runOnDemandStartTimeout': '10s', 'runOnDemandCloseAfter': '10s', 'runOnUnDemand': '', 'runOnReady': '', 'runOnReadyRestart': False, 'runOnNotReady': '', 'runOnRead': '', 'runOnReadRestart': False, 'runOnUnread': '', 'runOnRecordSegmentCreate': '', 'runOnRecordSegmentComplete': ''}
2025-10-04 12:19:34,544 - INFO - === END DEBUG ===
2025-10-04 12:19:34,544 - INFO - Found paths in 'items' key
2025-10-04 12:19:34,544 - INFO - Converted 7 paths from items
2025-10-04 12:19:34,544 - INFO - Extracted 7 paths:
2025-10-04 12:19:34,544 - INFO -   - all_others: publisher
2025-10-04 12:19:34,544 - INFO -   - cam1: rtsp://admin:N0vin-123PNR@192.168.50.27
2025-10-04 12:19:34,544 - INFO -   - camera2: rtsp://admin:N0vin-123PNR@192.168.50.27
2025-10-04 12:19:34,544 - INFO -   - camera3: rtsp://admin:N0vin-123PNR@192.168.50.27
2025-10-04 12:19:34,544 - INFO -   - camera4: rtsp://admin:admin1234@192.168.50.3
2025-10-04 12:19:34,544 - INFO -   ... and 2 more paths
2025-10-04 12:19:34,544 - INFO - Processing 7 paths
2025-10-04 12:19:34,544 - INFO - Successfully read config file: ./mediamtx.yml
2025-10-04 12:19:34,544 - INFO - Found 'paths:' at line 115
2025-10-04 12:19:34,544 - INFO - Found 'all_others:' at line 128
2025-10-04 12:19:34,544 - INFO - Added path: cam1 -> rtsp://admin:N0vin-123PNR@192.168.50.27
2025-10-04 12:19:34,544 - INFO - Added path: camera2 -> rtsp://admin:N0vin-123PNR@192.168.50.27
2025-10-04 12:19:34,544 - INFO - Added path: camera3 -> rtsp://admin:N0vin-123PNR@192.168.50.27
2025-10-04 12:19:34,544 - INFO - Added path: camera4 -> rtsp://admin:admin1234@192.168.50.3
2025-10-04 12:19:34,544 - INFO - Added path: camera5 -> rtsp://admin:N0vin-123PNR@192.168.50.27
2025-10-04 12:19:34,544 - INFO - Added path: camera6 -> rtsp://admin:N0vin-123PNR@192.168.50.26
2025-10-04 12:19:34,544 - INFO - Successfully updated config file with 6 paths
2025-10-04 12:19:34,544 - INFO - Update completed successfully
2025-10-04 12:19:34,544 - INFO - Waiting 60 seconds until next update...
2025-10-04 12:20:34,544 - INFO - === Update iteration 51 ===
2025-10-04 12:20:34,544 - INFO - Attempting to connect to http://localhost:9997/v3/config/paths/list
2025-10-04 12:20:34,546 - INFO - Response status code: 200
2025-10-04 12:20:34,546 - INFO - Successfully parsed JSON response
2025-10-04 12:20:34,546 - INFO - === DEBUG: Response Structure ===
2025-10-04 12:20:34,546 - INFO - Type of config_data: <class 'dict'>
2025-10-04 12:20:34,546 - INFO - Keys in config_data: ['itemCount', 'pageCount', 'items']
2025-10-04 12:20:34,546 - INFO - 'items' key found with 7 items
2025-10-04 12:20:34,546 - INFO - First item in 'items': {'name': 'all_others', 'source': 'publisher', 'sourceFingerprint': '', 'sourceOnDemand': False, 'sourceOnDemandStartTimeout': '10s', 'sourceOnDemandCloseAfter': '10s', 'maxReaders': 0, 'srtReadPassphrase': '', 'fallback': '', 'useAbsoluteTimestamp': False, 'record': False, 'recordPath': '/recordings/%path/%Y-%m-%d_%H-%M-%S-%f', 'recordFormat': 'fmp4', 'recordPartDuration': '1s', 'recordMaxPartSize': '50M', 'recordSegmentDuration': '1h0m0s', 'recordDeleteAfter': '1d', 'overridePublisher': True, 'srtPublishPassphrase': '', 'rtspTransport': 'automatic', 'rtspAnyPort': False, 'rtspRangeType': '', 'rtspRangeStart': '', 'rtspUDPReadBufferSize': 0, 'mpegtsUDPReadBufferSize': 0, 'rtpSDP': '', 'rtpUDPReadBufferSize': 0, 'sourceRedirect': '', 'rpiCameraCamID': 0, 'rpiCameraSecondary': False, 'rpiCameraWidth': 1920, 'rpiCameraHeight': 1080, 'rpiCameraHFlip': False, 'rpiCameraVFlip': False, 'rpiCameraBrightness': 0, 'rpiCameraContrast': 1, 'rpiCameraSaturation': 1, 'rpiCameraSharpness': 1, 'rpiCameraExposure': 'normal', 'rpiCameraAWB': 'auto', 'rpiCameraAWBGains': [0, 0], 'rpiCameraDenoise': 'off', 'rpiCameraShutter': 0, 'rpiCameraMetering': 'centre', 'rpiCameraGain': 0, 'rpiCameraEV': 0, 'rpiCameraROI': '', 'rpiCameraHDR': False, 'rpiCameraTuningFile': '', 'rpiCameraMode': '', 'rpiCameraFPS': 30, 'rpiCameraAfMode': 'continuous', 'rpiCameraAfRange': 'normal', 'rpiCameraAfSpeed': 'normal', 'rpiCameraLensPosition': 0, 'rpiCameraAfWindow': '', 'rpiCameraFlickerPeriod': 0, 'rpiCameraTextOverlayEnable': False, 'rpiCameraTextOverlay': '%Y-%m-%d %H:%M:%S - MediaMTX', 'rpiCameraCodec': 'auto', 'rpiCameraIDRPeriod': 60, 'rpiCameraBitrate': 5000000, 'rpiCameraHardwareH264Profile': 'main', 'rpiCameraHardwareH264Level': '4.1', 'rpiCameraSoftwareH264Profile': 'baseline', 'rpiCameraSoftwareH264Level': '4.1', 'rpiCameraMJPEGQuality': 60, 'runOnInit': '', 'runOnInitRestart': False, 'runOnDemand': '', 'runOnDemandRestart': False, 'runOnDemandStartTimeout': '10s', 'runOnDemandCloseAfter': '10s', 'runOnUnDemand': '', 'runOnReady': '', 'runOnReadyRestart': False, 'runOnNotReady': '', 'runOnRead': '', 'runOnReadRestart': False, 'runOnUnread': '', 'runOnRecordSegmentCreate': '', 'runOnRecordSegmentComplete': ''}
2025-10-04 12:20:34,546 - INFO - === END DEBUG ===
2025-10-04 12:20:34,546 - INFO - Found paths in 'items' key
2025-10-04 12:20:34,546 - INFO - Converted 7 paths from items
2025-10-04 12:20:34,546 - INFO - Extracted 7 paths:
2025-10-04 12:20:34,546 - INFO -   - all_others: publisher
2025-10-04 12:20:34,546 - INFO -   - cam1: rtsp://admin:N0vin-123PNR@192.168.50.27
2025-10-04 12:20:34,546 - INFO -   - camera2: rtsp://admin:N0vin-123PNR@192.168.50.27
2025-10-04 12:20:34,546 - INFO -   - camera3: rtsp://admin:N0vin-123PNR@192.168.50.27
2025-10-04 12:20:34,546 - INFO -   - camera4: rtsp://admin:admin1234@192.168.50.3
2025-10-04 12:20:34,546 - INFO -   ... and 2 more paths
2025-10-04 12:20:34,546 - INFO - Processing 7 paths
2025-10-04 12:20:34,546 - INFO - Successfully read config file: ./mediamtx.yml
2025-10-04 12:20:34,546 - INFO - Found 'paths:' at line 115
2025-10-04 12:20:34,546 - INFO - Found 'all_others:' at line 128
2025-10-04 12:20:34,546 - INFO - Added path: cam1 -> rtsp://admin:N0vin-123PNR@192.168.50.27
2025-10-04 12:20:34,546 - INFO - Added path: camera2 -> rtsp://admin:N0vin-123PNR@192.168.50.27
2025-10-04 12:20:34,546 - INFO - Added path: camera3 -> rtsp://admin:N0vin-123PNR@192.168.50.27
2025-10-04 12:20:34,546 - INFO - Added path: camera4 -> rtsp://admin:admin1234@192.168.50.3
2025-10-04 12:20:34,546 - INFO - Added path: camera5 -> rtsp://admin:N0vin-123PNR@192.168.50.27
2025-10-04 12:20:34,546 - INFO - Added path: camera6 -> rtsp://admin:N0vin-123PNR@192.168.50.26
2025-10-04 12:20:34,546 - INFO - Successfully updated config file with 6 paths
2025-10-04 12:20:34,546 - INFO - Update completed successfully
2025-10-04 12:20:34,546 - INFO - Waiting 60 seconds until next update...
2025-10-04 12:21:34,547 - INFO - === Update iteration 52 ===
2025-10-04 12:21:34,547 - INFO - Attempting to connect to http://localhost:9997/v3/config/paths/list
2025-10-04 12:21:34,548 - INFO - Response status code: 200
2025-10-04 12:21:34,548 - INFO - Successfully parsed JSON response
2025-10-04 12:21:34,548 - INFO - === DEBUG: Response Structure ===
2025-10-04 12:21:34,548 - INFO - Type of config_data: <class 'dict'>
2025-10-04 12:21:34,548 - INFO - Keys in config_data: ['itemCount', 'pageCount', 'items']
2025-10-04 12:21:34,548 - INFO - 'items' key found with 7 items
2025-10-04 12:21:34,548 - INFO - First item in 'items': {'name': 'all_others', 'source': 'publisher', 'sourceFingerprint': '', 'sourceOnDemand': False, 'sourceOnDemandStartTimeout': '10s', 'sourceOnDemandCloseAfter': '10s', 'maxReaders': 0, 'srtReadPassphrase': '', 'fallback': '', 'useAbsoluteTimestamp': False, 'record': False, 'recordPath': '/recordings/%path/%Y-%m-%d_%H-%M-%S-%f', 'recordFormat': 'fmp4', 'recordPartDuration': '1s', 'recordMaxPartSize': '50M', 'recordSegmentDuration': '1h0m0s', 'recordDeleteAfter': '1d', 'overridePublisher': True, 'srtPublishPassphrase': '', 'rtspTransport': 'automatic', 'rtspAnyPort': False, 'rtspRangeType': '', 'rtspRangeStart': '', 'rtspUDPReadBufferSize': 0, 'mpegtsUDPReadBufferSize': 0, 'rtpSDP': '', 'rtpUDPReadBufferSize': 0, 'sourceRedirect': '', 'rpiCameraCamID': 0, 'rpiCameraSecondary': False, 'rpiCameraWidth': 1920, 'rpiCameraHeight': 1080, 'rpiCameraHFlip': False, 'rpiCameraVFlip': False, 'rpiCameraBrightness': 0, 'rpiCameraContrast': 1, 'rpiCameraSaturation': 1, 'rpiCameraSharpness': 1, 'rpiCameraExposure': 'normal', 'rpiCameraAWB': 'auto', 'rpiCameraAWBGains': [0, 0], 'rpiCameraDenoise': 'off', 'rpiCameraShutter': 0, 'rpiCameraMetering': 'centre', 'rpiCameraGain': 0, 'rpiCameraEV': 0, 'rpiCameraROI': '', 'rpiCameraHDR': False, 'rpiCameraTuningFile': '', 'rpiCameraMode': '', 'rpiCameraFPS': 30, 'rpiCameraAfMode': 'continuous', 'rpiCameraAfRange': 'normal', 'rpiCameraAfSpeed': 'normal', 'rpiCameraLensPosition': 0, 'rpiCameraAfWindow': '', 'rpiCameraFlickerPeriod': 0, 'rpiCameraTextOverlayEnable': False, 'rpiCameraTextOverlay': '%Y-%m-%d %H:%M:%S - MediaMTX', 'rpiCameraCodec': 'auto', 'rpiCameraIDRPeriod': 60, 'rpiCameraBitrate': 5000000, 'rpiCameraHardwareH264Profile': 'main', 'rpiCameraHardwareH264Level': '4.1', 'rpiCameraSoftwareH264Profile': 'baseline', 'rpiCameraSoftwareH264Level': '4.1', 'rpiCameraMJPEGQuality': 60, 'runOnInit': '', 'runOnInitRestart': False, 'runOnDemand': '', 'runOnDemandRestart': False, 'runOnDemandStartTimeout': '10s', 'runOnDemandCloseAfter': '10s', 'runOnUnDemand': '', 'runOnReady': '', 'runOnReadyRestart': False, 'runOnNotReady': '', 'runOnRead': '', 'runOnReadRestart': False, 'runOnUnread': '', 'runOnRecordSegmentCreate': '', 'runOnRecordSegmentComplete': ''}
2025-10-04 12:21:34,548 - INFO - === END DEBUG ===
2025-10-04 12:21:34,549 - INFO - Found paths in 'items' key
2025-10-04 12:21:34,549 - INFO - Converted 7 paths from items
2025-10-04 12:21:34,549 - INFO - Extracted 7 paths:
2025-10-04 12:21:34,549 - INFO -   - all_others: publisher
2025-10-04 12:21:34,549 - INFO -   - cam1: rtsp://admin:N0vin-123PNR@192.168.50.27
2025-10-04 12:21:34,549 - INFO -   - camera2: rtsp://admin:N0vin-123PNR@192.168.50.27
2025-10-04 12:21:34,549 - INFO -   - camera3: rtsp://admin:N0vin-123PNR@192.168.50.27
2025-10-04 12:21:34,549 - INFO -   - camera4: rtsp://admin:admin1234@192.168.50.3
2025-10-04 12:21:34,549 - INFO -   ... and 2 more paths
2025-10-04 12:21:34,549 - INFO - Processing 7 paths
2025-10-04 12:21:34,549 - INFO - Successfully read config file: ./mediamtx.yml
2025-10-04 12:21:34,549 - INFO - Found 'paths:' at line 115
2025-10-04 12:21:34,549 - INFO - Found 'all_others:' at line 128
2025-10-04 12:21:34,549 - INFO - Added path: cam1 -> rtsp://admin:N0vin-123PNR@192.168.50.27
2025-10-04 12:21:34,549 - INFO - Added path: camera2 -> rtsp://admin:N0vin-123PNR@192.168.50.27
2025-10-04 12:21:34,549 - INFO - Added path: camera3 -> rtsp://admin:N0vin-123PNR@192.168.50.27
2025-10-04 12:21:34,549 - INFO - Added path: camera4 -> rtsp://admin:admin1234@192.168.50.3
2025-10-04 12:21:34,549 - INFO - Added path: camera5 -> rtsp://admin:N0vin-123PNR@192.168.50.27
2025-10-04 12:21:34,549 - INFO - Added path: camera6 -> rtsp://admin:N0vin-123PNR@192.168.50.26
2025-10-04 12:21:34,549 - INFO - Successfully updated config file with 6 paths
2025-10-04 12:21:34,549 - INFO - Update completed successfully
2025-10-04 12:21:34,549 - INFO - Waiting 60 seconds until next update...
2025-10-04 12:22:34,549 - INFO - === Update iteration 53 ===
2025-10-04 12:22:34,549 - INFO - Attempting to connect to http://localhost:9997/v3/config/paths/list
2025-10-04 12:22:34,551 - INFO - Response status code: 200
2025-10-04 12:22:34,551 - INFO - Successfully parsed JSON response
2025-10-04 12:22:34,551 - INFO - === DEBUG: Response Structure ===
2025-10-04 12:22:34,551 - INFO - Type of config_data: <class 'dict'>
2025-10-04 12:22:34,551 - INFO - Keys in config_data: ['itemCount', 'pageCount', 'items']
2025-10-04 12:22:34,551 - INFO - 'items' key found with 7 items
2025-10-04 12:22:34,551 - INFO - First item in 'items': {'name': 'all_others', 'source': 'publisher', 'sourceFingerprint': '', 'sourceOnDemand': False, 'sourceOnDemandStartTimeout': '10s', 'sourceOnDemandCloseAfter': '10s', 'maxReaders': 0, 'srtReadPassphrase': '', 'fallback': '', 'useAbsoluteTimestamp': False, 'record': False, 'recordPath': '/recordings/%path/%Y-%m-%d_%H-%M-%S-%f', 'recordFormat': 'fmp4', 'recordPartDuration': '1s', 'recordMaxPartSize': '50M', 'recordSegmentDuration': '1h0m0s', 'recordDeleteAfter': '1d', 'overridePublisher': True, 'srtPublishPassphrase': '', 'rtspTransport': 'automatic', 'rtspAnyPort': False, 'rtspRangeType': '', 'rtspRangeStart': '', 'rtspUDPReadBufferSize': 0, 'mpegtsUDPReadBufferSize': 0, 'rtpSDP': '', 'rtpUDPReadBufferSize': 0, 'sourceRedirect': '', 'rpiCameraCamID': 0, 'rpiCameraSecondary': False, 'rpiCameraWidth': 1920, 'rpiCameraHeight': 1080, 'rpiCameraHFlip': False, 'rpiCameraVFlip': False, 'rpiCameraBrightness': 0, 'rpiCameraContrast': 1, 'rpiCameraSaturation': 1, 'rpiCameraSharpness': 1, 'rpiCameraExposure': 'normal', 'rpiCameraAWB': 'auto', 'rpiCameraAWBGains': [0, 0], 'rpiCameraDenoise': 'off', 'rpiCameraShutter': 0, 'rpiCameraMetering': 'centre', 'rpiCameraGain': 0, 'rpiCameraEV': 0, 'rpiCameraROI': '', 'rpiCameraHDR': False, 'rpiCameraTuningFile': '', 'rpiCameraMode': '', 'rpiCameraFPS': 30, 'rpiCameraAfMode': 'continuous', 'rpiCameraAfRange': 'normal', 'rpiCameraAfSpeed': 'normal', 'rpiCameraLensPosition': 0, 'rpiCameraAfWindow': '', 'rpiCameraFlickerPeriod': 0, 'rpiCameraTextOverlayEnable': False, 'rpiCameraTextOverlay': '%Y-%m-%d %H:%M:%S - MediaMTX', 'rpiCameraCodec': 'auto', 'rpiCameraIDRPeriod': 60, 'rpiCameraBitrate': 5000000, 'rpiCameraHardwareH264Profile': 'main', 'rpiCameraHardwareH264Level': '4.1', 'rpiCameraSoftwareH264Profile': 'baseline', 'rpiCameraSoftwareH264Level': '4.1', 'rpiCameraMJPEGQuality': 60, 'runOnInit': '', 'runOnInitRestart': False, 'runOnDemand': '', 'runOnDemandRestart': False, 'runOnDemandStartTimeout': '10s', 'runOnDemandCloseAfter': '10s', 'runOnUnDemand': '', 'runOnReady': '', 'runOnReadyRestart': False, 'runOnNotReady': '', 'runOnRead': '', 'runOnReadRestart': False, 'runOnUnread': '', 'runOnRecordSegmentCreate': '', 'runOnRecordSegmentComplete': ''}
2025-10-04 12:22:34,551 - INFO - === END DEBUG ===
2025-10-04 12:22:34,551 - INFO - Found paths in 'items' key
2025-10-04 12:22:34,551 - INFO - Converted 7 paths from items
2025-10-04 12:22:34,551 - INFO - Extracted 7 paths:
2025-10-04 12:22:34,551 - INFO -   - all_others: publisher
2025-10-04 12:22:34,551 - INFO -   - cam1: rtsp://admin:N0vin-123PNR@192.168.50.27
2025-10-04 12:22:34,551 - INFO -   - camera2: rtsp://admin:N0vin-123PNR@192.168.50.27
2025-10-04 12:22:34,551 - INFO -   - camera3: rtsp://admin:N0vin-123PNR@192.168.50.27
2025-10-04 12:22:34,551 - INFO -   - camera4: rtsp://admin:admin1234@192.168.50.3
2025-10-04 12:22:34,551 - INFO -   ... and 2 more paths
2025-10-04 12:22:34,551 - INFO - Processing 7 paths
2025-10-04 12:22:34,551 - INFO - Successfully read config file: ./mediamtx.yml
2025-10-04 12:22:34,551 - INFO - Found 'paths:' at line 115
2025-10-04 12:22:34,551 - INFO - Found 'all_others:' at line 128
2025-10-04 12:22:34,551 - INFO - Added path: cam1 -> rtsp://admin:N0vin-123PNR@192.168.50.27
2025-10-04 12:22:34,551 - INFO - Added path: camera2 -> rtsp://admin:N0vin-123PNR@192.168.50.27
2025-10-04 12:22:34,551 - INFO - Added path: camera3 -> rtsp://admin:N0vin-123PNR@192.168.50.27
2025-10-04 12:22:34,551 - INFO - Added path: camera4 -> rtsp://admin:admin1234@192.168.50.3
2025-10-04 12:22:34,551 - INFO - Added path: camera5 -> rtsp://admin:N0vin-123PNR@192.168.50.27
2025-10-04 12:22:34,551 - INFO - Added path: camera6 -> rtsp://admin:N0vin-123PNR@192.168.50.26
2025-10-04 12:22:34,551 - INFO - Successfully updated config file with 6 paths
2025-10-04 12:22:34,551 - INFO - Update completed successfully
2025-10-04 12:22:34,551 - INFO - Waiting 60 seconds until next update...
2025-10-04 12:23:34,552 - INFO - === Update iteration 54 ===
2025-10-04 12:23:34,552 - INFO - Attempting to connect to http://localhost:9997/v3/config/paths/list
2025-10-04 12:23:34,553 - INFO - Response status code: 200
2025-10-04 12:23:34,553 - INFO - Successfully parsed JSON response
2025-10-04 12:23:34,553 - INFO - === DEBUG: Response Structure ===
2025-10-04 12:23:34,553 - INFO - Type of config_data: <class 'dict'>
2025-10-04 12:23:34,553 - INFO - Keys in config_data: ['itemCount', 'pageCount', 'items']
2025-10-04 12:23:34,553 - INFO - 'items' key found with 7 items
2025-10-04 12:23:34,553 - INFO - First item in 'items': {'name': 'all_others', 'source': 'publisher', 'sourceFingerprint': '', 'sourceOnDemand': False, 'sourceOnDemandStartTimeout': '10s', 'sourceOnDemandCloseAfter': '10s', 'maxReaders': 0, 'srtReadPassphrase': '', 'fallback': '', 'useAbsoluteTimestamp': False, 'record': False, 'recordPath': '/recordings/%path/%Y-%m-%d_%H-%M-%S-%f', 'recordFormat': 'fmp4', 'recordPartDuration': '1s', 'recordMaxPartSize': '50M', 'recordSegmentDuration': '1h0m0s', 'recordDeleteAfter': '1d', 'overridePublisher': True, 'srtPublishPassphrase': '', 'rtspTransport': 'automatic', 'rtspAnyPort': False, 'rtspRangeType': '', 'rtspRangeStart': '', 'rtspUDPReadBufferSize': 0, 'mpegtsUDPReadBufferSize': 0, 'rtpSDP': '', 'rtpUDPReadBufferSize': 0, 'sourceRedirect': '', 'rpiCameraCamID': 0, 'rpiCameraSecondary': False, 'rpiCameraWidth': 1920, 'rpiCameraHeight': 1080, 'rpiCameraHFlip': False, 'rpiCameraVFlip': False, 'rpiCameraBrightness': 0, 'rpiCameraContrast': 1, 'rpiCameraSaturation': 1, 'rpiCameraSharpness': 1, 'rpiCameraExposure': 'normal', 'rpiCameraAWB': 'auto', 'rpiCameraAWBGains': [0, 0], 'rpiCameraDenoise': 'off', 'rpiCameraShutter': 0, 'rpiCameraMetering': 'centre', 'rpiCameraGain': 0, 'rpiCameraEV': 0, 'rpiCameraROI': '', 'rpiCameraHDR': False, 'rpiCameraTuningFile': '', 'rpiCameraMode': '', 'rpiCameraFPS': 30, 'rpiCameraAfMode': 'continuous', 'rpiCameraAfRange': 'normal', 'rpiCameraAfSpeed': 'normal', 'rpiCameraLensPosition': 0, 'rpiCameraAfWindow': '', 'rpiCameraFlickerPeriod': 0, 'rpiCameraTextOverlayEnable': False, 'rpiCameraTextOverlay': '%Y-%m-%d %H:%M:%S - MediaMTX', 'rpiCameraCodec': 'auto', 'rpiCameraIDRPeriod': 60, 'rpiCameraBitrate': 5000000, 'rpiCameraHardwareH264Profile': 'main', 'rpiCameraHardwareH264Level': '4.1', 'rpiCameraSoftwareH264Profile': 'baseline', 'rpiCameraSoftwareH264Level': '4.1', 'rpiCameraMJPEGQuality': 60, 'runOnInit': '', 'runOnInitRestart': False, 'runOnDemand': '', 'runOnDemandRestart': False, 'runOnDemandStartTimeout': '10s', 'runOnDemandCloseAfter': '10s', 'runOnUnDemand': '', 'runOnReady': '', 'runOnReadyRestart': False, 'runOnNotReady': '', 'runOnRead': '', 'runOnReadRestart': False, 'runOnUnread': '', 'runOnRecordSegmentCreate': '', 'runOnRecordSegmentComplete': ''}
2025-10-04 12:23:34,554 - INFO - === END DEBUG ===
2025-10-04 12:23:34,554 - INFO - Found paths in 'items' key
2025-10-04 12:23:34,554 - INFO - Converted 7 paths from items
2025-10-04 12:23:34,554 - INFO - Extracted 7 paths:
2025-10-04 12:23:34,554 - INFO -   - all_others: publisher
2025-10-04 12:23:34,554 - INFO -   - cam1: rtsp://admin:N0vin-123PNR@192.168.50.27
2025-10-04 12:23:34,554 - INFO -   - camera2: rtsp://admin:N0vin-123PNR@192.168.50.27
2025-10-04 12:23:34,554 - INFO -   - camera3: rtsp://admin:N0vin-123PNR@192.168.50.27
2025-10-04 12:23:34,554 - INFO -   - camera4: rtsp://admin:admin1234@192.168.50.3
2025-10-04 12:23:34,554 - INFO -   ... and 2 more paths
2025-10-04 12:23:34,554 - INFO - Processing 7 paths
2025-10-04 12:23:34,554 - INFO - Successfully read config file: ./mediamtx.yml
2025-10-04 12:23:34,554 - INFO - Found 'paths:' at line 115
2025-10-04 12:23:34,554 - INFO - Found 'all_others:' at line 128
2025-10-04 12:23:34,554 - INFO - Added path: cam1 -> rtsp://admin:N0vin-123PNR@192.168.50.27
2025-10-04 12:23:34,554 - INFO - Added path: camera2 -> rtsp://admin:N0vin-123PNR@192.168.50.27
2025-10-04 12:23:34,554 - INFO - Added path: camera3 -> rtsp://admin:N0vin-123PNR@192.168.50.27
2025-10-04 12:23:34,554 - INFO - Added path: camera4 -> rtsp://admin:admin1234@192.168.50.3
2025-10-04 12:23:34,554 - INFO - Added path: camera5 -> rtsp://admin:N0vin-123PNR@192.168.50.27
2025-10-04 12:23:34,554 - INFO - Added path: camera6 -> rtsp://admin:N0vin-123PNR@192.168.50.26
2025-10-04 12:23:34,554 - INFO - Successfully updated config file with 6 paths
2025-10-04 12:23:34,554 - INFO - Update completed successfully
2025-10-04 12:23:34,554 - INFO - Waiting 60 seconds until next update...
2025-10-04 12:24:34,554 - INFO - === Update iteration 55 ===
2025-10-04 12:24:34,554 - INFO - Attempting to connect to http://localhost:9997/v3/config/paths/list
2025-10-04 12:24:34,556 - INFO - Response status code: 200
2025-10-04 12:24:34,556 - INFO - Successfully parsed JSON response
2025-10-04 12:24:34,556 - INFO - === DEBUG: Response Structure ===
2025-10-04 12:24:34,556 - INFO - Type of config_data: <class 'dict'>
2025-10-04 12:24:34,556 - INFO - Keys in config_data: ['itemCount', 'pageCount', 'items']
2025-10-04 12:24:34,556 - INFO - 'items' key found with 7 items
2025-10-04 12:24:34,556 - INFO - First item in 'items': {'name': 'all_others', 'source': 'publisher', 'sourceFingerprint': '', 'sourceOnDemand': False, 'sourceOnDemandStartTimeout': '10s', 'sourceOnDemandCloseAfter': '10s', 'maxReaders': 0, 'srtReadPassphrase': '', 'fallback': '', 'useAbsoluteTimestamp': False, 'record': False, 'recordPath': '/recordings/%path/%Y-%m-%d_%H-%M-%S-%f', 'recordFormat': 'fmp4', 'recordPartDuration': '1s', 'recordMaxPartSize': '50M', 'recordSegmentDuration': '1h0m0s', 'recordDeleteAfter': '1d', 'overridePublisher': True, 'srtPublishPassphrase': '', 'rtspTransport': 'automatic', 'rtspAnyPort': False, 'rtspRangeType': '', 'rtspRangeStart': '', 'rtspUDPReadBufferSize': 0, 'mpegtsUDPReadBufferSize': 0, 'rtpSDP': '', 'rtpUDPReadBufferSize': 0, 'sourceRedirect': '', 'rpiCameraCamID': 0, 'rpiCameraSecondary': False, 'rpiCameraWidth': 1920, 'rpiCameraHeight': 1080, 'rpiCameraHFlip': False, 'rpiCameraVFlip': False, 'rpiCameraBrightness': 0, 'rpiCameraContrast': 1, 'rpiCameraSaturation': 1, 'rpiCameraSharpness': 1, 'rpiCameraExposure': 'normal', 'rpiCameraAWB': 'auto', 'rpiCameraAWBGains': [0, 0], 'rpiCameraDenoise': 'off', 'rpiCameraShutter': 0, 'rpiCameraMetering': 'centre', 'rpiCameraGain': 0, 'rpiCameraEV': 0, 'rpiCameraROI': '', 'rpiCameraHDR': False, 'rpiCameraTuningFile': '', 'rpiCameraMode': '', 'rpiCameraFPS': 30, 'rpiCameraAfMode': 'continuous', 'rpiCameraAfRange': 'normal', 'rpiCameraAfSpeed': 'normal', 'rpiCameraLensPosition': 0, 'rpiCameraAfWindow': '', 'rpiCameraFlickerPeriod': 0, 'rpiCameraTextOverlayEnable': False, 'rpiCameraTextOverlay': '%Y-%m-%d %H:%M:%S - MediaMTX', 'rpiCameraCodec': 'auto', 'rpiCameraIDRPeriod': 60, 'rpiCameraBitrate': 5000000, 'rpiCameraHardwareH264Profile': 'main', 'rpiCameraHardwareH264Level': '4.1', 'rpiCameraSoftwareH264Profile': 'baseline', 'rpiCameraSoftwareH264Level': '4.1', 'rpiCameraMJPEGQuality': 60, 'runOnInit': '', 'runOnInitRestart': False, 'runOnDemand': '', 'runOnDemandRestart': False, 'runOnDemandStartTimeout': '10s', 'runOnDemandCloseAfter': '10s', 'runOnUnDemand': '', 'runOnReady': '', 'runOnReadyRestart': False, 'runOnNotReady': '', 'runOnRead': '', 'runOnReadRestart': False, 'runOnUnread': '', 'runOnRecordSegmentCreate': '', 'runOnRecordSegmentComplete': ''}
2025-10-04 12:24:34,556 - INFO - === END DEBUG ===
2025-10-04 12:24:34,556 - INFO - Found paths in 'items' key
2025-10-04 12:24:34,556 - INFO - Converted 7 paths from items
2025-10-04 12:24:34,556 - INFO - Extracted 7 paths:
2025-10-04 12:24:34,556 - INFO -   - all_others: publisher
2025-10-04 12:24:34,556 - INFO -   - cam1: rtsp://admin:N0vin-123PNR@192.168.50.27
2025-10-04 12:24:34,556 - INFO -   - camera2: rtsp://admin:N0vin-123PNR@192.168.50.27
2025-10-04 12:24:34,556 - INFO -   - camera3: rtsp://admin:N0vin-123PNR@192.168.50.27
2025-10-04 12:24:34,556 - INFO -   - camera4: rtsp://admin:admin1234@192.168.50.3
2025-10-04 12:24:34,556 - INFO -   ... and 2 more paths
2025-10-04 12:24:34,556 - INFO - Processing 7 paths
2025-10-04 12:24:34,556 - INFO - Successfully read config file: ./mediamtx.yml
2025-10-04 12:24:34,556 - INFO - Found 'paths:' at line 115
2025-10-04 12:24:34,556 - INFO - Found 'all_others:' at line 128
2025-10-04 12:24:34,556 - INFO - Added path: cam1 -> rtsp://admin:N0vin-123PNR@192.168.50.27
2025-10-04 12:24:34,556 - INFO - Added path: camera2 -> rtsp://admin:N0vin-123PNR@192.168.50.27
2025-10-04 12:24:34,556 - INFO - Added path: camera3 -> rtsp://admin:N0vin-123PNR@192.168.50.27
2025-10-04 12:24:34,556 - INFO - Added path: camera4 -> rtsp://admin:admin1234@192.168.50.3
2025-10-04 12:24:34,556 - INFO - Added path: camera5 -> rtsp://admin:N0vin-123PNR@192.168.50.27
2025-10-04 12:24:34,556 - INFO - Added path: camera6 -> rtsp://admin:N0vin-123PNR@192.168.50.26
2025-10-04 12:24:34,556 - INFO - Successfully updated config file with 6 paths
2025-10-04 12:24:34,556 - INFO - Update completed successfully
2025-10-04 12:24:34,556 - INFO - Waiting 60 seconds until next update...
2025-10-04 12:25:34,557 - INFO - === Update iteration 56 ===
2025-10-04 12:25:34,557 - INFO - Attempting to connect to http://localhost:9997/v3/config/paths/list
2025-10-04 12:25:34,558 - INFO - Response status code: 200
2025-10-04 12:25:34,559 - INFO - Successfully parsed JSON response
2025-10-04 12:25:34,559 - INFO - === DEBUG: Response Structure ===
2025-10-04 12:25:34,559 - INFO - Type of config_data: <class 'dict'>
2025-10-04 12:25:34,559 - INFO - Keys in config_data: ['itemCount', 'pageCount', 'items']
2025-10-04 12:25:34,559 - INFO - 'items' key found with 7 items
2025-10-04 12:25:34,559 - INFO - First item in 'items': {'name': 'all_others', 'source': 'publisher', 'sourceFingerprint': '', 'sourceOnDemand': False, 'sourceOnDemandStartTimeout': '10s', 'sourceOnDemandCloseAfter': '10s', 'maxReaders': 0, 'srtReadPassphrase': '', 'fallback': '', 'useAbsoluteTimestamp': False, 'record': False, 'recordPath': '/recordings/%path/%Y-%m-%d_%H-%M-%S-%f', 'recordFormat': 'fmp4', 'recordPartDuration': '1s', 'recordMaxPartSize': '50M', 'recordSegmentDuration': '1h0m0s', 'recordDeleteAfter': '1d', 'overridePublisher': True, 'srtPublishPassphrase': '', 'rtspTransport': 'automatic', 'rtspAnyPort': False, 'rtspRangeType': '', 'rtspRangeStart': '', 'rtspUDPReadBufferSize': 0, 'mpegtsUDPReadBufferSize': 0, 'rtpSDP': '', 'rtpUDPReadBufferSize': 0, 'sourceRedirect': '', 'rpiCameraCamID': 0, 'rpiCameraSecondary': False, 'rpiCameraWidth': 1920, 'rpiCameraHeight': 1080, 'rpiCameraHFlip': False, 'rpiCameraVFlip': False, 'rpiCameraBrightness': 0, 'rpiCameraContrast': 1, 'rpiCameraSaturation': 1, 'rpiCameraSharpness': 1, 'rpiCameraExposure': 'normal', 'rpiCameraAWB': 'auto', 'rpiCameraAWBGains': [0, 0], 'rpiCameraDenoise': 'off', 'rpiCameraShutter': 0, 'rpiCameraMetering': 'centre', 'rpiCameraGain': 0, 'rpiCameraEV': 0, 'rpiCameraROI': '', 'rpiCameraHDR': False, 'rpiCameraTuningFile': '', 'rpiCameraMode': '', 'rpiCameraFPS': 30, 'rpiCameraAfMode': 'continuous', 'rpiCameraAfRange': 'normal', 'rpiCameraAfSpeed': 'normal', 'rpiCameraLensPosition': 0, 'rpiCameraAfWindow': '', 'rpiCameraFlickerPeriod': 0, 'rpiCameraTextOverlayEnable': False, 'rpiCameraTextOverlay': '%Y-%m-%d %H:%M:%S - MediaMTX', 'rpiCameraCodec': 'auto', 'rpiCameraIDRPeriod': 60, 'rpiCameraBitrate': 5000000, 'rpiCameraHardwareH264Profile': 'main', 'rpiCameraHardwareH264Level': '4.1', 'rpiCameraSoftwareH264Profile': 'baseline', 'rpiCameraSoftwareH264Level': '4.1', 'rpiCameraMJPEGQuality': 60, 'runOnInit': '', 'runOnInitRestart': False, 'runOnDemand': '', 'runOnDemandRestart': False, 'runOnDemandStartTimeout': '10s', 'runOnDemandCloseAfter': '10s', 'runOnUnDemand': '', 'runOnReady': '', 'runOnReadyRestart': False, 'runOnNotReady': '', 'runOnRead': '', 'runOnReadRestart': False, 'runOnUnread': '', 'runOnRecordSegmentCreate': '', 'runOnRecordSegmentComplete': ''}
2025-10-04 12:25:34,559 - INFO - === END DEBUG ===
2025-10-04 12:25:34,559 - INFO - Found paths in 'items' key
2025-10-04 12:25:34,559 - INFO - Converted 7 paths from items
2025-10-04 12:25:34,559 - INFO - Extracted 7 paths:
2025-10-04 12:25:34,559 - INFO -   - all_others: publisher
2025-10-04 12:25:34,559 - INFO -   - cam1: rtsp://admin:N0vin-123PNR@192.168.50.27
2025-10-04 12:25:34,559 - INFO -   - camera2: rtsp://admin:N0vin-123PNR@192.168.50.27
2025-10-04 12:25:34,559 - INFO -   - camera3: rtsp://admin:N0vin-123PNR@192.168.50.27
2025-10-04 12:25:34,559 - INFO -   - camera4: rtsp://admin:admin1234@192.168.50.3
2025-10-04 12:25:34,559 - INFO -   ... and 2 more paths
2025-10-04 12:25:34,559 - INFO - Processing 7 paths
2025-10-04 12:25:34,559 - INFO - Successfully read config file: ./mediamtx.yml
2025-10-04 12:25:34,559 - INFO - Found 'paths:' at line 115
2025-10-04 12:25:34,559 - INFO - Found 'all_others:' at line 128
2025-10-04 12:25:34,560 - INFO - Added path: cam1 -> rtsp://admin:N0vin-123PNR@192.168.50.27
2025-10-04 12:25:34,560 - INFO - Added path: camera2 -> rtsp://admin:N0vin-123PNR@192.168.50.27
2025-10-04 12:25:34,560 - INFO - Added path: camera3 -> rtsp://admin:N0vin-123PNR@192.168.50.27
2025-10-04 12:25:34,560 - INFO - Added path: camera4 -> rtsp://admin:admin1234@192.168.50.3
2025-10-04 12:25:34,560 - INFO - Added path: camera5 -> rtsp://admin:N0vin-123PNR@192.168.50.27
2025-10-04 12:25:34,560 - INFO - Added path: camera6 -> rtsp://admin:N0vin-123PNR@192.168.50.26
2025-10-04 12:25:34,560 - INFO - Successfully updated config file with 6 paths
2025-10-04 12:25:34,560 - INFO - Update completed successfully
2025-10-04 12:25:34,560 - INFO - Waiting 60 seconds until next update...
2025-10-04 12:26:34,560 - INFO - === Update iteration 57 ===
2025-10-04 12:26:34,560 - INFO - Attempting to connect to http://localhost:9997/v3/config/paths/list
2025-10-04 12:26:34,562 - INFO - Response status code: 200
2025-10-04 12:26:34,562 - INFO - Successfully parsed JSON response
2025-10-04 12:26:34,562 - INFO - === DEBUG: Response Structure ===
2025-10-04 12:26:34,562 - INFO - Type of config_data: <class 'dict'>
2025-10-04 12:26:34,562 - INFO - Keys in config_data: ['itemCount', 'pageCount', 'items']
2025-10-04 12:26:34,562 - INFO - 'items' key found with 7 items
2025-10-04 12:26:34,562 - INFO - First item in 'items': {'name': 'all_others', 'source': 'publisher', 'sourceFingerprint': '', 'sourceOnDemand': False, 'sourceOnDemandStartTimeout': '10s', 'sourceOnDemandCloseAfter': '10s', 'maxReaders': 0, 'srtReadPassphrase': '', 'fallback': '', 'useAbsoluteTimestamp': False, 'record': False, 'recordPath': '/recordings/%path/%Y-%m-%d_%H-%M-%S-%f', 'recordFormat': 'fmp4', 'recordPartDuration': '1s', 'recordMaxPartSize': '50M', 'recordSegmentDuration': '1h0m0s', 'recordDeleteAfter': '1d', 'overridePublisher': True, 'srtPublishPassphrase': '', 'rtspTransport': 'automatic', 'rtspAnyPort': False, 'rtspRangeType': '', 'rtspRangeStart': '', 'rtspUDPReadBufferSize': 0, 'mpegtsUDPReadBufferSize': 0, 'rtpSDP': '', 'rtpUDPReadBufferSize': 0, 'sourceRedirect': '', 'rpiCameraCamID': 0, 'rpiCameraSecondary': False, 'rpiCameraWidth': 1920, 'rpiCameraHeight': 1080, 'rpiCameraHFlip': False, 'rpiCameraVFlip': False, 'rpiCameraBrightness': 0, 'rpiCameraContrast': 1, 'rpiCameraSaturation': 1, 'rpiCameraSharpness': 1, 'rpiCameraExposure': 'normal', 'rpiCameraAWB': 'auto', 'rpiCameraAWBGains': [0, 0], 'rpiCameraDenoise': 'off', 'rpiCameraShutter': 0, 'rpiCameraMetering': 'centre', 'rpiCameraGain': 0, 'rpiCameraEV': 0, 'rpiCameraROI': '', 'rpiCameraHDR': False, 'rpiCameraTuningFile': '', 'rpiCameraMode': '', 'rpiCameraFPS': 30, 'rpiCameraAfMode': 'continuous', 'rpiCameraAfRange': 'normal', 'rpiCameraAfSpeed': 'normal', 'rpiCameraLensPosition': 0, 'rpiCameraAfWindow': '', 'rpiCameraFlickerPeriod': 0, 'rpiCameraTextOverlayEnable': False, 'rpiCameraTextOverlay': '%Y-%m-%d %H:%M:%S - MediaMTX', 'rpiCameraCodec': 'auto', 'rpiCameraIDRPeriod': 60, 'rpiCameraBitrate': 5000000, 'rpiCameraHardwareH264Profile': 'main', 'rpiCameraHardwareH264Level': '4.1', 'rpiCameraSoftwareH264Profile': 'baseline', 'rpiCameraSoftwareH264Level': '4.1', 'rpiCameraMJPEGQuality': 60, 'runOnInit': '', 'runOnInitRestart': False, 'runOnDemand': '', 'runOnDemandRestart': False, 'runOnDemandStartTimeout': '10s', 'runOnDemandCloseAfter': '10s', 'runOnUnDemand': '', 'runOnReady': '', 'runOnReadyRestart': False, 'runOnNotReady': '', 'runOnRead': '', 'runOnReadRestart': False, 'runOnUnread': '', 'runOnRecordSegmentCreate': '', 'runOnRecordSegmentComplete': ''}
2025-10-04 12:26:34,562 - INFO - === END DEBUG ===
2025-10-04 12:26:34,562 - INFO - Found paths in 'items' key
2025-10-04 12:26:34,562 - INFO - Converted 7 paths from items
2025-10-04 12:26:34,562 - INFO - Extracted 7 paths:
2025-10-04 12:26:34,562 - INFO -   - all_others: publisher
2025-10-04 12:26:34,563 - INFO -   - cam1: rtsp://admin:N0vin-123PNR@192.168.50.27
2025-10-04 12:26:34,563 - INFO -   - camera2: rtsp://admin:N0vin-123PNR@192.168.50.27
2025-10-04 12:26:34,563 - INFO -   - camera3: rtsp://admin:N0vin-123PNR@192.168.50.27
2025-10-04 12:26:34,563 - INFO -   - camera4: rtsp://admin:admin1234@192.168.50.3
2025-10-04 12:26:34,563 - INFO -   ... and 2 more paths
2025-10-04 12:26:34,563 - INFO - Processing 7 paths
2025-10-04 12:26:34,563 - INFO - Successfully read config file: ./mediamtx.yml
2025-10-04 12:26:34,563 - INFO - Found 'paths:' at line 115
2025-10-04 12:26:34,563 - INFO - Found 'all_others:' at line 128
2025-10-04 12:26:34,563 - INFO - Added path: cam1 -> rtsp://admin:N0vin-123PNR@192.168.50.27
2025-10-04 12:26:34,563 - INFO - Added path: camera2 -> rtsp://admin:N0vin-123PNR@192.168.50.27
2025-10-04 12:26:34,563 - INFO - Added path: camera3 -> rtsp://admin:N0vin-123PNR@192.168.50.27
2025-10-04 12:26:34,563 - INFO - Added path: camera4 -> rtsp://admin:admin1234@192.168.50.3
2025-10-04 12:26:34,563 - INFO - Added path: camera5 -> rtsp://admin:N0vin-123PNR@192.168.50.27
2025-10-04 12:26:34,563 - INFO - Added path: camera6 -> rtsp://admin:N0vin-123PNR@192.168.50.26
2025-10-04 12:26:34,563 - INFO - Successfully updated config file with 6 paths
2025-10-04 12:26:34,563 - INFO - Update completed successfully
2025-10-04 12:26:34,563 - INFO - Waiting 60 seconds until next update...
2025-10-04 12:27:34,563 - INFO - === Update iteration 58 ===
2025-10-04 12:27:34,563 - INFO - Attempting to connect to http://localhost:9997/v3/config/paths/list
2025-10-04 12:27:34,565 - INFO - Response status code: 200
2025-10-04 12:27:34,565 - INFO - Successfully parsed JSON response
2025-10-04 12:27:34,565 - INFO - === DEBUG: Response Structure ===
2025-10-04 12:27:34,565 - INFO - Type of config_data: <class 'dict'>
2025-10-04 12:27:34,565 - INFO - Keys in config_data: ['itemCount', 'pageCount', 'items']
2025-10-04 12:27:34,565 - INFO - 'items' key found with 7 items
2025-10-04 12:27:34,565 - INFO - First item in 'items': {'name': 'all_others', 'source': 'publisher', 'sourceFingerprint': '', 'sourceOnDemand': False, 'sourceOnDemandStartTimeout': '10s', 'sourceOnDemandCloseAfter': '10s', 'maxReaders': 0, 'srtReadPassphrase': '', 'fallback': '', 'useAbsoluteTimestamp': False, 'record': False, 'recordPath': '/recordings/%path/%Y-%m-%d_%H-%M-%S-%f', 'recordFormat': 'fmp4', 'recordPartDuration': '1s', 'recordMaxPartSize': '50M', 'recordSegmentDuration': '1h0m0s', 'recordDeleteAfter': '1d', 'overridePublisher': True, 'srtPublishPassphrase': '', 'rtspTransport': 'automatic', 'rtspAnyPort': False, 'rtspRangeType': '', 'rtspRangeStart': '', 'rtspUDPReadBufferSize': 0, 'mpegtsUDPReadBufferSize': 0, 'rtpSDP': '', 'rtpUDPReadBufferSize': 0, 'sourceRedirect': '', 'rpiCameraCamID': 0, 'rpiCameraSecondary': False, 'rpiCameraWidth': 1920, 'rpiCameraHeight': 1080, 'rpiCameraHFlip': False, 'rpiCameraVFlip': False, 'rpiCameraBrightness': 0, 'rpiCameraContrast': 1, 'rpiCameraSaturation': 1, 'rpiCameraSharpness': 1, 'rpiCameraExposure': 'normal', 'rpiCameraAWB': 'auto', 'rpiCameraAWBGains': [0, 0], 'rpiCameraDenoise': 'off', 'rpiCameraShutter': 0, 'rpiCameraMetering': 'centre', 'rpiCameraGain': 0, 'rpiCameraEV': 0, 'rpiCameraROI': '', 'rpiCameraHDR': False, 'rpiCameraTuningFile': '', 'rpiCameraMode': '', 'rpiCameraFPS': 30, 'rpiCameraAfMode': 'continuous', 'rpiCameraAfRange': 'normal', 'rpiCameraAfSpeed': 'normal', 'rpiCameraLensPosition': 0, 'rpiCameraAfWindow': '', 'rpiCameraFlickerPeriod': 0, 'rpiCameraTextOverlayEnable': False, 'rpiCameraTextOverlay': '%Y-%m-%d %H:%M:%S - MediaMTX', 'rpiCameraCodec': 'auto', 'rpiCameraIDRPeriod': 60, 'rpiCameraBitrate': 5000000, 'rpiCameraHardwareH264Profile': 'main', 'rpiCameraHardwareH264Level': '4.1', 'rpiCameraSoftwareH264Profile': 'baseline', 'rpiCameraSoftwareH264Level': '4.1', 'rpiCameraMJPEGQuality': 60, 'runOnInit': '', 'runOnInitRestart': False, 'runOnDemand': '', 'runOnDemandRestart': False, 'runOnDemandStartTimeout': '10s', 'runOnDemandCloseAfter': '10s', 'runOnUnDemand': '', 'runOnReady': '', 'runOnReadyRestart': False, 'runOnNotReady': '', 'runOnRead': '', 'runOnReadRestart': False, 'runOnUnread': '', 'runOnRecordSegmentCreate': '', 'runOnRecordSegmentComplete': ''}
2025-10-04 12:27:34,565 - INFO - === END DEBUG ===
2025-10-04 12:27:34,565 - INFO - Found paths in 'items' key
2025-10-04 12:27:34,565 - INFO - Converted 7 paths from items
2025-10-04 12:27:34,565 - INFO - Extracted 7 paths:
2025-10-04 12:27:34,565 - INFO -   - all_others: publisher
2025-10-04 12:27:34,565 - INFO -   - cam1: rtsp://admin:N0vin-123PNR@192.168.50.27
2025-10-04 12:27:34,565 - INFO -   - camera2: rtsp://admin:N0vin-123PNR@192.168.50.27
2025-10-04 12:27:34,565 - INFO -   - camera3: rtsp://admin:N0vin-123PNR@192.168.50.27
2025-10-04 12:27:34,565 - INFO -   - camera4: rtsp://admin:admin1234@192.168.50.3
2025-10-04 12:27:34,565 - INFO -   ... and 2 more paths
2025-10-04 12:27:34,565 - INFO - Processing 7 paths
2025-10-04 12:27:34,565 - INFO - Successfully read config file: ./mediamtx.yml
2025-10-04 12:27:34,565 - INFO - Found 'paths:' at line 115
2025-10-04 12:27:34,565 - INFO - Found 'all_others:' at line 128
2025-10-04 12:27:34,565 - INFO - Added path: cam1 -> rtsp://admin:N0vin-123PNR@192.168.50.27
2025-10-04 12:27:34,565 - INFO - Added path: camera2 -> rtsp://admin:N0vin-123PNR@192.168.50.27
2025-10-04 12:27:34,565 - INFO - Added path: camera3 -> rtsp://admin:N0vin-123PNR@192.168.50.27
2025-10-04 12:27:34,565 - INFO - Added path: camera4 -> rtsp://admin:admin1234@192.168.50.3
2025-10-04 12:27:34,565 - INFO - Added path: camera5 -> rtsp://admin:N0vin-123PNR@192.168.50.27
2025-10-04 12:27:34,565 - INFO - Added path: camera6 -> rtsp://admin:N0vin-123PNR@192.168.50.26
2025-10-04 12:27:34,565 - INFO - Successfully updated config file with 6 paths
2025-10-04 12:27:34,565 - INFO - Update completed successfully
2025-10-04 12:27:34,565 - INFO - Waiting 60 seconds until next update...
2025-10-04 12:28:34,565 - INFO - === Update iteration 59 ===
2025-10-04 12:28:34,566 - INFO - Attempting to connect to http://localhost:9997/v3/config/paths/list
2025-10-04 12:28:34,567 - INFO - Response status code: 200
2025-10-04 12:28:34,567 - INFO - Successfully parsed JSON response
2025-10-04 12:28:34,567 - INFO - === DEBUG: Response Structure ===
2025-10-04 12:28:34,567 - INFO - Type of config_data: <class 'dict'>
2025-10-04 12:28:34,567 - INFO - Keys in config_data: ['itemCount', 'pageCount', 'items']
2025-10-04 12:28:34,567 - INFO - 'items' key found with 7 items
2025-10-04 12:28:34,568 - INFO - First item in 'items': {'name': 'all_others', 'source': 'publisher', 'sourceFingerprint': '', 'sourceOnDemand': False, 'sourceOnDemandStartTimeout': '10s', 'sourceOnDemandCloseAfter': '10s', 'maxReaders': 0, 'srtReadPassphrase': '', 'fallback': '', 'useAbsoluteTimestamp': False, 'record': False, 'recordPath': '/recordings/%path/%Y-%m-%d_%H-%M-%S-%f', 'recordFormat': 'fmp4', 'recordPartDuration': '1s', 'recordMaxPartSize': '50M', 'recordSegmentDuration': '1h0m0s', 'recordDeleteAfter': '1d', 'overridePublisher': True, 'srtPublishPassphrase': '', 'rtspTransport': 'automatic', 'rtspAnyPort': False, 'rtspRangeType': '', 'rtspRangeStart': '', 'rtspUDPReadBufferSize': 0, 'mpegtsUDPReadBufferSize': 0, 'rtpSDP': '', 'rtpUDPReadBufferSize': 0, 'sourceRedirect': '', 'rpiCameraCamID': 0, 'rpiCameraSecondary': False, 'rpiCameraWidth': 1920, 'rpiCameraHeight': 1080, 'rpiCameraHFlip': False, 'rpiCameraVFlip': False, 'rpiCameraBrightness': 0, 'rpiCameraContrast': 1, 'rpiCameraSaturation': 1, 'rpiCameraSharpness': 1, 'rpiCameraExposure': 'normal', 'rpiCameraAWB': 'auto', 'rpiCameraAWBGains': [0, 0], 'rpiCameraDenoise': 'off', 'rpiCameraShutter': 0, 'rpiCameraMetering': 'centre', 'rpiCameraGain': 0, 'rpiCameraEV': 0, 'rpiCameraROI': '', 'rpiCameraHDR': False, 'rpiCameraTuningFile': '', 'rpiCameraMode': '', 'rpiCameraFPS': 30, 'rpiCameraAfMode': 'continuous', 'rpiCameraAfRange': 'normal', 'rpiCameraAfSpeed': 'normal', 'rpiCameraLensPosition': 0, 'rpiCameraAfWindow': '', 'rpiCameraFlickerPeriod': 0, 'rpiCameraTextOverlayEnable': False, 'rpiCameraTextOverlay': '%Y-%m-%d %H:%M:%S - MediaMTX', 'rpiCameraCodec': 'auto', 'rpiCameraIDRPeriod': 60, 'rpiCameraBitrate': 5000000, 'rpiCameraHardwareH264Profile': 'main', 'rpiCameraHardwareH264Level': '4.1', 'rpiCameraSoftwareH264Profile': 'baseline', 'rpiCameraSoftwareH264Level': '4.1', 'rpiCameraMJPEGQuality': 60, 'runOnInit': '', 'runOnInitRestart': False, 'runOnDemand': '', 'runOnDemandRestart': False, 'runOnDemandStartTimeout': '10s', 'runOnDemandCloseAfter': '10s', 'runOnUnDemand': '', 'runOnReady': '', 'runOnReadyRestart': False, 'runOnNotReady': '', 'runOnRead': '', 'runOnReadRestart': False, 'runOnUnread': '', 'runOnRecordSegmentCreate': '', 'runOnRecordSegmentComplete': ''}
2025-10-04 12:28:34,568 - INFO - === END DEBUG ===
2025-10-04 12:28:34,568 - INFO - Found paths in 'items' key
2025-10-04 12:28:34,568 - INFO - Converted 7 paths from items
2025-10-04 12:28:34,568 - INFO - Extracted 7 paths:
2025-10-04 12:28:34,568 - INFO -   - all_others: publisher
2025-10-04 12:28:34,568 - INFO -   - cam1: rtsp://admin:N0vin-123PNR@192.168.50.27
2025-10-04 12:28:34,568 - INFO -   - camera2: rtsp://admin:N0vin-123PNR@192.168.50.27
2025-10-04 12:28:34,568 - INFO -   - camera3: rtsp://admin:N0vin-123PNR@192.168.50.27
2025-10-04 12:28:34,568 - INFO -   - camera4: rtsp://admin:admin1234@192.168.50.3
2025-10-04 12:28:34,568 - INFO -   ... and 2 more paths
2025-10-04 12:28:34,568 - INFO - Processing 7 paths
2025-10-04 12:28:34,568 - INFO - Successfully read config file: ./mediamtx.yml
2025-10-04 12:28:34,568 - INFO - Found 'paths:' at line 115
2025-10-04 12:28:34,568 - INFO - Found 'all_others:' at line 128
2025-10-04 12:28:34,568 - INFO - Added path: cam1 -> rtsp://admin:N0vin-123PNR@192.168.50.27
2025-10-04 12:28:34,568 - INFO - Added path: camera2 -> rtsp://admin:N0vin-123PNR@192.168.50.27
2025-10-04 12:28:34,568 - INFO - Added path: camera3 -> rtsp://admin:N0vin-123PNR@192.168.50.27
2025-10-04 12:28:34,568 - INFO - Added path: camera4 -> rtsp://admin:admin1234@192.168.50.3
2025-10-04 12:28:34,568 - INFO - Added path: camera5 -> rtsp://admin:N0vin-123PNR@192.168.50.27
2025-10-04 12:28:34,568 - INFO - Added path: camera6 -> rtsp://admin:N0vin-123PNR@192.168.50.26
2025-10-04 12:28:34,569 - INFO - Successfully updated config file with 6 paths
2025-10-04 12:28:34,569 - INFO - Update completed successfully
2025-10-04 12:28:34,569 - INFO - Waiting 60 seconds until next update...
2025-10-04 12:29:34,569 - INFO - === Update iteration 60 ===
2025-10-04 12:29:34,569 - INFO - Attempting to connect to http://localhost:9997/v3/config/paths/list
2025-10-04 12:29:34,571 - INFO - Response status code: 200
2025-10-04 12:29:34,571 - INFO - Successfully parsed JSON response
2025-10-04 12:29:34,571 - INFO - === DEBUG: Response Structure ===
2025-10-04 12:29:34,571 - INFO - Type of config_data: <class 'dict'>
2025-10-04 12:29:34,571 - INFO - Keys in config_data: ['itemCount', 'pageCount', 'items']
2025-10-04 12:29:34,571 - INFO - 'items' key found with 7 items
2025-10-04 12:29:34,571 - INFO - First item in 'items': {'name': 'all_others', 'source': 'publisher', 'sourceFingerprint': '', 'sourceOnDemand': False, 'sourceOnDemandStartTimeout': '10s', 'sourceOnDemandCloseAfter': '10s', 'maxReaders': 0, 'srtReadPassphrase': '', 'fallback': '', 'useAbsoluteTimestamp': False, 'record': False, 'recordPath': '/recordings/%path/%Y-%m-%d_%H-%M-%S-%f', 'recordFormat': 'fmp4', 'recordPartDuration': '1s', 'recordMaxPartSize': '50M', 'recordSegmentDuration': '1h0m0s', 'recordDeleteAfter': '1d', 'overridePublisher': True, 'srtPublishPassphrase': '', 'rtspTransport': 'automatic', 'rtspAnyPort': False, 'rtspRangeType': '', 'rtspRangeStart': '', 'rtspUDPReadBufferSize': 0, 'mpegtsUDPReadBufferSize': 0, 'rtpSDP': '', 'rtpUDPReadBufferSize': 0, 'sourceRedirect': '', 'rpiCameraCamID': 0, 'rpiCameraSecondary': False, 'rpiCameraWidth': 1920, 'rpiCameraHeight': 1080, 'rpiCameraHFlip': False, 'rpiCameraVFlip': False, 'rpiCameraBrightness': 0, 'rpiCameraContrast': 1, 'rpiCameraSaturation': 1, 'rpiCameraSharpness': 1, 'rpiCameraExposure': 'normal', 'rpiCameraAWB': 'auto', 'rpiCameraAWBGains': [0, 0], 'rpiCameraDenoise': 'off', 'rpiCameraShutter': 0, 'rpiCameraMetering': 'centre', 'rpiCameraGain': 0, 'rpiCameraEV': 0, 'rpiCameraROI': '', 'rpiCameraHDR': False, 'rpiCameraTuningFile': '', 'rpiCameraMode': '', 'rpiCameraFPS': 30, 'rpiCameraAfMode': 'continuous', 'rpiCameraAfRange': 'normal', 'rpiCameraAfSpeed': 'normal', 'rpiCameraLensPosition': 0, 'rpiCameraAfWindow': '', 'rpiCameraFlickerPeriod': 0, 'rpiCameraTextOverlayEnable': False, 'rpiCameraTextOverlay': '%Y-%m-%d %H:%M:%S - MediaMTX', 'rpiCameraCodec': 'auto', 'rpiCameraIDRPeriod': 60, 'rpiCameraBitrate': 5000000, 'rpiCameraHardwareH264Profile': 'main', 'rpiCameraHardwareH264Level': '4.1', 'rpiCameraSoftwareH264Profile': 'baseline', 'rpiCameraSoftwareH264Level': '4.1', 'rpiCameraMJPEGQuality': 60, 'runOnInit': '', 'runOnInitRestart': False, 'runOnDemand': '', 'runOnDemandRestart': False, 'runOnDemandStartTimeout': '10s', 'runOnDemandCloseAfter': '10s', 'runOnUnDemand': '', 'runOnReady': '', 'runOnReadyRestart': False, 'runOnNotReady': '', 'runOnRead': '', 'runOnReadRestart': False, 'runOnUnread': '', 'runOnRecordSegmentCreate': '', 'runOnRecordSegmentComplete': ''}
2025-10-04 12:29:34,571 - INFO - === END DEBUG ===
2025-10-04 12:29:34,571 - INFO - Found paths in 'items' key
2025-10-04 12:29:34,571 - INFO - Converted 7 paths from items
2025-10-04 12:29:34,571 - INFO - Extracted 7 paths:
2025-10-04 12:29:34,571 - INFO -   - all_others: publisher
2025-10-04 12:29:34,571 - INFO -   - cam1: rtsp://admin:N0vin-123PNR@192.168.50.27
2025-10-04 12:29:34,571 - INFO -   - camera2: rtsp://admin:N0vin-123PNR@192.168.50.27
2025-10-04 12:29:34,571 - INFO -   - camera3: rtsp://admin:N0vin-123PNR@192.168.50.27
2025-10-04 12:29:34,572 - INFO -   - camera4: rtsp://admin:admin1234@192.168.50.3
2025-10-04 12:29:34,572 - INFO -   ... and 2 more paths
2025-10-04 12:29:34,572 - INFO - Processing 7 paths
2025-10-04 12:29:34,572 - INFO - Successfully read config file: ./mediamtx.yml
2025-10-04 12:29:34,572 - INFO - Found 'paths:' at line 115
2025-10-04 12:29:34,572 - INFO - Found 'all_others:' at line 128
2025-10-04 12:29:34,572 - INFO - Added path: cam1 -> rtsp://admin:N0vin-123PNR@192.168.50.27
2025-10-04 12:29:34,572 - INFO - Added path: camera2 -> rtsp://admin:N0vin-123PNR@192.168.50.27
2025-10-04 12:29:34,572 - INFO - Added path: camera3 -> rtsp://admin:N0vin-123PNR@192.168.50.27
2025-10-04 12:29:34,572 - INFO - Added path: camera4 -> rtsp://admin:admin1234@192.168.50.3
2025-10-04 12:29:34,572 - INFO - Added path: camera5 -> rtsp://admin:N0vin-123PNR@192.168.50.27
2025-10-04 12:29:34,572 - INFO - Added path: camera6 -> rtsp://admin:N0vin-123PNR@192.168.50.26
2025-10-04 12:29:34,572 - INFO - Successfully updated config file with 6 paths
2025-10-04 12:29:34,572 - INFO - Update completed successfully
2025-10-04 12:29:34,572 - INFO - Waiting 60 seconds until next update...
2025-10-04 12:30:34,572 - INFO - === Update iteration 61 ===
2025-10-04 12:30:34,573 - INFO - Attempting to connect to http://localhost:9997/v3/config/paths/list
2025-10-04 12:30:34,574 - INFO - Response status code: 200
2025-10-04 12:30:34,574 - INFO - Successfully parsed JSON response
2025-10-04 12:30:34,574 - INFO - === DEBUG: Response Structure ===
2025-10-04 12:30:34,574 - INFO - Type of config_data: <class 'dict'>
2025-10-04 12:30:34,574 - INFO - Keys in config_data: ['itemCount', 'pageCount', 'items']
2025-10-04 12:30:34,574 - INFO - 'items' key found with 7 items
2025-10-04 12:30:34,574 - INFO - First item in 'items': {'name': 'all_others', 'source': 'publisher', 'sourceFingerprint': '', 'sourceOnDemand': False, 'sourceOnDemandStartTimeout': '10s', 'sourceOnDemandCloseAfter': '10s', 'maxReaders': 0, 'srtReadPassphrase': '', 'fallback': '', 'useAbsoluteTimestamp': False, 'record': False, 'recordPath': '/recordings/%path/%Y-%m-%d_%H-%M-%S-%f', 'recordFormat': 'fmp4', 'recordPartDuration': '1s', 'recordMaxPartSize': '50M', 'recordSegmentDuration': '1h0m0s', 'recordDeleteAfter': '1d', 'overridePublisher': True, 'srtPublishPassphrase': '', 'rtspTransport': 'automatic', 'rtspAnyPort': False, 'rtspRangeType': '', 'rtspRangeStart': '', 'rtspUDPReadBufferSize': 0, 'mpegtsUDPReadBufferSize': 0, 'rtpSDP': '', 'rtpUDPReadBufferSize': 0, 'sourceRedirect': '', 'rpiCameraCamID': 0, 'rpiCameraSecondary': False, 'rpiCameraWidth': 1920, 'rpiCameraHeight': 1080, 'rpiCameraHFlip': False, 'rpiCameraVFlip': False, 'rpiCameraBrightness': 0, 'rpiCameraContrast': 1, 'rpiCameraSaturation': 1, 'rpiCameraSharpness': 1, 'rpiCameraExposure': 'normal', 'rpiCameraAWB': 'auto', 'rpiCameraAWBGains': [0, 0], 'rpiCameraDenoise': 'off', 'rpiCameraShutter': 0, 'rpiCameraMetering': 'centre', 'rpiCameraGain': 0, 'rpiCameraEV': 0, 'rpiCameraROI': '', 'rpiCameraHDR': False, 'rpiCameraTuningFile': '', 'rpiCameraMode': '', 'rpiCameraFPS': 30, 'rpiCameraAfMode': 'continuous', 'rpiCameraAfRange': 'normal', 'rpiCameraAfSpeed': 'normal', 'rpiCameraLensPosition': 0, 'rpiCameraAfWindow': '', 'rpiCameraFlickerPeriod': 0, 'rpiCameraTextOverlayEnable': False, 'rpiCameraTextOverlay': '%Y-%m-%d %H:%M:%S - MediaMTX', 'rpiCameraCodec': 'auto', 'rpiCameraIDRPeriod': 60, 'rpiCameraBitrate': 5000000, 'rpiCameraHardwareH264Profile': 'main', 'rpiCameraHardwareH264Level': '4.1', 'rpiCameraSoftwareH264Profile': 'baseline', 'rpiCameraSoftwareH264Level': '4.1', 'rpiCameraMJPEGQuality': 60, 'runOnInit': '', 'runOnInitRestart': False, 'runOnDemand': '', 'runOnDemandRestart': False, 'runOnDemandStartTimeout': '10s', 'runOnDemandCloseAfter': '10s', 'runOnUnDemand': '', 'runOnReady': '', 'runOnReadyRestart': False, 'runOnNotReady': '', 'runOnRead': '', 'runOnReadRestart': False, 'runOnUnread': '', 'runOnRecordSegmentCreate': '', 'runOnRecordSegmentComplete': ''}
2025-10-04 12:30:34,574 - INFO - === END DEBUG ===
2025-10-04 12:30:34,575 - INFO - Found paths in 'items' key
2025-10-04 12:30:34,575 - INFO - Converted 7 paths from items
2025-10-04 12:30:34,575 - INFO - Extracted 7 paths:
2025-10-04 12:30:34,575 - INFO -   - all_others: publisher
2025-10-04 12:30:34,575 - INFO -   - cam1: rtsp://admin:N0vin-123PNR@192.168.50.27
2025-10-04 12:30:34,575 - INFO -   - camera2: rtsp://admin:N0vin-123PNR@192.168.50.27
2025-10-04 12:30:34,575 - INFO -   - camera3: rtsp://admin:N0vin-123PNR@192.168.50.27
2025-10-04 12:30:34,575 - INFO -   - camera4: rtsp://admin:admin1234@192.168.50.3
2025-10-04 12:30:34,575 - INFO -   ... and 2 more paths
2025-10-04 12:30:34,575 - INFO - Processing 7 paths
2025-10-04 12:30:34,575 - INFO - Successfully read config file: ./mediamtx.yml
2025-10-04 12:30:34,575 - INFO - Found 'paths:' at line 115
2025-10-04 12:30:34,575 - INFO - Found 'all_others:' at line 128
2025-10-04 12:30:34,575 - INFO - Added path: cam1 -> rtsp://admin:N0vin-123PNR@192.168.50.27
2025-10-04 12:30:34,575 - INFO - Added path: camera2 -> rtsp://admin:N0vin-123PNR@192.168.50.27
2025-10-04 12:30:34,575 - INFO - Added path: camera3 -> rtsp://admin:N0vin-123PNR@192.168.50.27
2025-10-04 12:30:34,575 - INFO - Added path: camera4 -> rtsp://admin:admin1234@192.168.50.3
2025-10-04 12:30:34,575 - INFO - Added path: camera5 -> rtsp://admin:N0vin-123PNR@192.168.50.27
2025-10-04 12:30:34,575 - INFO - Added path: camera6 -> rtsp://admin:N0vin-123PNR@192.168.50.26
2025-10-04 12:30:34,575 - INFO - Successfully updated config file with 6 paths
2025-10-04 12:30:34,575 - INFO - Update completed successfully
2025-10-04 12:30:34,575 - INFO - Waiting 60 seconds until next update...
2025-10-04 12:31:34,575 - INFO - === Update iteration 62 ===
2025-10-04 12:31:34,575 - INFO - Attempting to connect to http://localhost:9997/v3/config/paths/list
2025-10-04 12:31:34,577 - INFO - Response status code: 200
2025-10-04 12:31:34,577 - INFO - Successfully parsed JSON response
2025-10-04 12:31:34,577 - INFO - === DEBUG: Response Structure ===
2025-10-04 12:31:34,577 - INFO - Type of config_data: <class 'dict'>
2025-10-04 12:31:34,577 - INFO - Keys in config_data: ['itemCount', 'pageCount', 'items']
2025-10-04 12:31:34,577 - INFO - 'items' key found with 7 items
2025-10-04 12:31:34,577 - INFO - First item in 'items': {'name': 'all_others', 'source': 'publisher', 'sourceFingerprint': '', 'sourceOnDemand': False, 'sourceOnDemandStartTimeout': '10s', 'sourceOnDemandCloseAfter': '10s', 'maxReaders': 0, 'srtReadPassphrase': '', 'fallback': '', 'useAbsoluteTimestamp': False, 'record': False, 'recordPath': '/recordings/%path/%Y-%m-%d_%H-%M-%S-%f', 'recordFormat': 'fmp4', 'recordPartDuration': '1s', 'recordMaxPartSize': '50M', 'recordSegmentDuration': '1h0m0s', 'recordDeleteAfter': '1d', 'overridePublisher': True, 'srtPublishPassphrase': '', 'rtspTransport': 'automatic', 'rtspAnyPort': False, 'rtspRangeType': '', 'rtspRangeStart': '', 'rtspUDPReadBufferSize': 0, 'mpegtsUDPReadBufferSize': 0, 'rtpSDP': '', 'rtpUDPReadBufferSize': 0, 'sourceRedirect': '', 'rpiCameraCamID': 0, 'rpiCameraSecondary': False, 'rpiCameraWidth': 1920, 'rpiCameraHeight': 1080, 'rpiCameraHFlip': False, 'rpiCameraVFlip': False, 'rpiCameraBrightness': 0, 'rpiCameraContrast': 1, 'rpiCameraSaturation': 1, 'rpiCameraSharpness': 1, 'rpiCameraExposure': 'normal', 'rpiCameraAWB': 'auto', 'rpiCameraAWBGains': [0, 0], 'rpiCameraDenoise': 'off', 'rpiCameraShutter': 0, 'rpiCameraMetering': 'centre', 'rpiCameraGain': 0, 'rpiCameraEV': 0, 'rpiCameraROI': '', 'rpiCameraHDR': False, 'rpiCameraTuningFile': '', 'rpiCameraMode': '', 'rpiCameraFPS': 30, 'rpiCameraAfMode': 'continuous', 'rpiCameraAfRange': 'normal', 'rpiCameraAfSpeed': 'normal', 'rpiCameraLensPosition': 0, 'rpiCameraAfWindow': '', 'rpiCameraFlickerPeriod': 0, 'rpiCameraTextOverlayEnable': False, 'rpiCameraTextOverlay': '%Y-%m-%d %H:%M:%S - MediaMTX', 'rpiCameraCodec': 'auto', 'rpiCameraIDRPeriod': 60, 'rpiCameraBitrate': 5000000, 'rpiCameraHardwareH264Profile': 'main', 'rpiCameraHardwareH264Level': '4.1', 'rpiCameraSoftwareH264Profile': 'baseline', 'rpiCameraSoftwareH264Level': '4.1', 'rpiCameraMJPEGQuality': 60, 'runOnInit': '', 'runOnInitRestart': False, 'runOnDemand': '', 'runOnDemandRestart': False, 'runOnDemandStartTimeout': '10s', 'runOnDemandCloseAfter': '10s', 'runOnUnDemand': '', 'runOnReady': '', 'runOnReadyRestart': False, 'runOnNotReady': '', 'runOnRead': '', 'runOnReadRestart': False, 'runOnUnread': '', 'runOnRecordSegmentCreate': '', 'runOnRecordSegmentComplete': ''}
2025-10-04 12:31:34,577 - INFO - === END DEBUG ===
2025-10-04 12:31:34,577 - INFO - Found paths in 'items' key
2025-10-04 12:31:34,577 - INFO - Converted 7 paths from items
2025-10-04 12:31:34,578 - INFO - Extracted 7 paths:
2025-10-04 12:31:34,578 - INFO -   - all_others: publisher
2025-10-04 12:31:34,578 - INFO -   - cam1: rtsp://admin:N0vin-123PNR@192.168.50.27
2025-10-04 12:31:34,578 - INFO -   - camera2: rtsp://admin:N0vin-123PNR@192.168.50.27
2025-10-04 12:31:34,578 - INFO -   - camera3: rtsp://admin:N0vin-123PNR@192.168.50.27
2025-10-04 12:31:34,578 - INFO -   - camera4: rtsp://admin:admin1234@192.168.50.3
2025-10-04 12:31:34,578 - INFO -   ... and 2 more paths
2025-10-04 12:31:34,578 - INFO - Processing 7 paths
2025-10-04 12:31:34,578 - INFO - Successfully read config file: ./mediamtx.yml
2025-10-04 12:31:34,578 - INFO - Found 'paths:' at line 115
2025-10-04 12:31:34,578 - INFO - Found 'all_others:' at line 128
2025-10-04 12:31:34,578 - INFO - Added path: cam1 -> rtsp://admin:N0vin-123PNR@192.168.50.27
2025-10-04 12:31:34,578 - INFO - Added path: camera2 -> rtsp://admin:N0vin-123PNR@192.168.50.27
2025-10-04 12:31:34,578 - INFO - Added path: camera3 -> rtsp://admin:N0vin-123PNR@192.168.50.27
2025-10-04 12:31:34,578 - INFO - Added path: camera4 -> rtsp://admin:admin1234@192.168.50.3
2025-10-04 12:31:34,578 - INFO - Added path: camera5 -> rtsp://admin:N0vin-123PNR@192.168.50.27
2025-10-04 12:31:34,578 - INFO - Added path: camera6 -> rtsp://admin:N0vin-123PNR@192.168.50.26
2025-10-04 12:31:34,578 - INFO - Successfully updated config file with 6 paths
2025-10-04 12:31:34,578 - INFO - Update completed successfully
2025-10-04 12:31:34,578 - INFO - Waiting 60 seconds until next update...
2025-10-04 12:32:34,579 - INFO - === Update iteration 63 ===
2025-10-04 12:32:34,579 - INFO - Attempting to connect to http://localhost:9997/v3/config/paths/list
2025-10-04 12:32:34,581 - INFO - Response status code: 200
2025-10-04 12:32:34,581 - INFO - Successfully parsed JSON response
2025-10-04 12:32:34,581 - INFO - === DEBUG: Response Structure ===
2025-10-04 12:32:34,581 - INFO - Type of config_data: <class 'dict'>
2025-10-04 12:32:34,581 - INFO - Keys in config_data: ['itemCount', 'pageCount', 'items']
2025-10-04 12:32:34,581 - INFO - 'items' key found with 7 items
2025-10-04 12:32:34,581 - INFO - First item in 'items': {'name': 'all_others', 'source': 'publisher', 'sourceFingerprint': '', 'sourceOnDemand': False, 'sourceOnDemandStartTimeout': '10s', 'sourceOnDemandCloseAfter': '10s', 'maxReaders': 0, 'srtReadPassphrase': '', 'fallback': '', 'useAbsoluteTimestamp': False, 'record': False, 'recordPath': '/recordings/%path/%Y-%m-%d_%H-%M-%S-%f', 'recordFormat': 'fmp4', 'recordPartDuration': '1s', 'recordMaxPartSize': '50M', 'recordSegmentDuration': '1h0m0s', 'recordDeleteAfter': '1d', 'overridePublisher': True, 'srtPublishPassphrase': '', 'rtspTransport': 'automatic', 'rtspAnyPort': False, 'rtspRangeType': '', 'rtspRangeStart': '', 'rtspUDPReadBufferSize': 0, 'mpegtsUDPReadBufferSize': 0, 'rtpSDP': '', 'rtpUDPReadBufferSize': 0, 'sourceRedirect': '', 'rpiCameraCamID': 0, 'rpiCameraSecondary': False, 'rpiCameraWidth': 1920, 'rpiCameraHeight': 1080, 'rpiCameraHFlip': False, 'rpiCameraVFlip': False, 'rpiCameraBrightness': 0, 'rpiCameraContrast': 1, 'rpiCameraSaturation': 1, 'rpiCameraSharpness': 1, 'rpiCameraExposure': 'normal', 'rpiCameraAWB': 'auto', 'rpiCameraAWBGains': [0, 0], 'rpiCameraDenoise': 'off', 'rpiCameraShutter': 0, 'rpiCameraMetering': 'centre', 'rpiCameraGain': 0, 'rpiCameraEV': 0, 'rpiCameraROI': '', 'rpiCameraHDR': False, 'rpiCameraTuningFile': '', 'rpiCameraMode': '', 'rpiCameraFPS': 30, 'rpiCameraAfMode': 'continuous', 'rpiCameraAfRange': 'normal', 'rpiCameraAfSpeed': 'normal', 'rpiCameraLensPosition': 0, 'rpiCameraAfWindow': '', 'rpiCameraFlickerPeriod': 0, 'rpiCameraTextOverlayEnable': False, 'rpiCameraTextOverlay': '%Y-%m-%d %H:%M:%S - MediaMTX', 'rpiCameraCodec': 'auto', 'rpiCameraIDRPeriod': 60, 'rpiCameraBitrate': 5000000, 'rpiCameraHardwareH264Profile': 'main', 'rpiCameraHardwareH264Level': '4.1', 'rpiCameraSoftwareH264Profile': 'baseline', 'rpiCameraSoftwareH264Level': '4.1', 'rpiCameraMJPEGQuality': 60, 'runOnInit': '', 'runOnInitRestart': False, 'runOnDemand': '', 'runOnDemandRestart': False, 'runOnDemandStartTimeout': '10s', 'runOnDemandCloseAfter': '10s', 'runOnUnDemand': '', 'runOnReady': '', 'runOnReadyRestart': False, 'runOnNotReady': '', 'runOnRead': '', 'runOnReadRestart': False, 'runOnUnread': '', 'runOnRecordSegmentCreate': '', 'runOnRecordSegmentComplete': ''}
2025-10-04 12:32:34,581 - INFO - === END DEBUG ===
2025-10-04 12:32:34,581 - INFO - Found paths in 'items' key
2025-10-04 12:32:34,581 - INFO - Converted 7 paths from items
2025-10-04 12:32:34,581 - INFO - Extracted 7 paths:
2025-10-04 12:32:34,581 - INFO -   - all_others: publisher
2025-10-04 12:32:34,581 - INFO -   - cam1: rtsp://admin:N0vin-123PNR@192.168.50.27
2025-10-04 12:32:34,581 - INFO -   - camera2: rtsp://admin:N0vin-123PNR@192.168.50.27
2025-10-04 12:32:34,581 - INFO -   - camera3: rtsp://admin:N0vin-123PNR@192.168.50.27
2025-10-04 12:32:34,581 - INFO -   - camera4: rtsp://admin:admin1234@192.168.50.3
2025-10-04 12:32:34,581 - INFO -   ... and 2 more paths
2025-10-04 12:32:34,582 - INFO - Processing 7 paths
2025-10-04 12:32:34,582 - INFO - Successfully read config file: ./mediamtx.yml
2025-10-04 12:32:34,582 - INFO - Found 'paths:' at line 115
2025-10-04 12:32:34,582 - INFO - Found 'all_others:' at line 128
2025-10-04 12:32:34,582 - INFO - Added path: cam1 -> rtsp://admin:N0vin-123PNR@192.168.50.27
2025-10-04 12:32:34,582 - INFO - Added path: camera2 -> rtsp://admin:N0vin-123PNR@192.168.50.27
2025-10-04 12:32:34,582 - INFO - Added path: camera3 -> rtsp://admin:N0vin-123PNR@192.168.50.27
2025-10-04 12:32:34,582 - INFO - Added path: camera4 -> rtsp://admin:admin1234@192.168.50.3
2025-10-04 12:32:34,582 - INFO - Added path: camera5 -> rtsp://admin:N0vin-123PNR@192.168.50.27
2025-10-04 12:32:34,582 - INFO - Added path: camera6 -> rtsp://admin:N0vin-123PNR@192.168.50.26
2025-10-04 12:32:34,582 - INFO - Successfully updated config file with 6 paths
2025-10-04 12:32:34,582 - INFO - Update completed successfully
2025-10-04 12:32:34,582 - INFO - Waiting 60 seconds until next update...
